Blocs;Fermenter;Species;Time;CO2;Pop_total;Prop_Sc;viability;glucose;fructose;glycerol;acetate;ethanol;alpha;succinate;pyruvate;Ammonium;Alanine;Arginine;Aspartate;Glutamine;Glutamate;Glycine;Histidine;Methionine;Phenylalanine;Serine;Threonine;Tryptophane;Tyrosine;Valine
Sc vs Ho;F22;Ho;0.00;0.00;9.92E+05;0.00;1.00;100.00;100.00;0.00;0.00;0.00;0.00;0.00;0.00;131.56;138.98;466.32;43.74;471.66;120.46;17.39;40.33;29.41;35.79;74.38;70.72;252.74;18.17;42.23
Sc vs Ho;F22;Ho;5.90;-0.01;9.31E+05;0.00;0.94;;;;;;;;;;;;;;;;;;;;;;;
Sc vs Ho;F22;Ho;11.30;-0.01;4.31E+06;0.00;0.98;;;;;;;;;;;;;;;;;;;;;;;
Sc vs Ho;F22;Ho;22.40;0.33;5.23E+07;0.00;0.94;79.40;80.2436295;0.26;0.02;3.25;0.01;0.01;0.03;;;;;;;;;;;;;;;
Sc vs Ho;F22;Ho;33.80;3.57;1.47E+08;0.00;0.94;;;;;;;;;;;;;;;;;;;;;;;
Sc vs Ho;F22;Ho;46.50;8.64;1.54E+08;0.00;0.93;87.62;82.8159987;1.70;0.20;12.77;0.00;0.07;0.09;;;;;;;;;;;;;;;
Sc vs Ho;F22;Ho;59.50;13.62;1.68E+08;0.00;0.87;;;;;;;;;;;;;;;;;;;;;;;
Sc vs Ho;F22;Ho;70.90;17.52;1.64E+08;0.00;0.94;77.68;71.051707;3.00;0.44;21.70;0.00;0.16;0.11;;;;;;;;;;;;;;;
Sc vs Ho;F22;Ho;80.30;20.40;1.73E+08;0.00;0.82;;;;;;;;;;;;;;;;;;;;;;;
Sc vs Ho;F22;Ho;98.90;25.90;1.66E+08;0.00;0.73;;;;;;;;;66.2858;0.17;53.59;1.51;0.00;1.40;0.75;4.18;0.00;0.00;0.53;0.00;0.00;0.00;0.00
Sc vs Ho;F22;Ho;166.90;36.36;1.74E+08;0.00;0.47;57.62;45.9761923;4.50;0.82;39.61;0.02;0.29;0.10;;;;;;;;;;;;;;;
Sc vs Ho;F22;Ho;191.20;38.59;1.74E+08;0.00;0.33;60.08;46.85;4.97;0.90;44.60;0.03;0.32;0.12;;;;;;;;;;;;;;;
Sc vs Ho;F22;Ho;214.80;40.64;1.80E+08;0.00;0.32;58.61;44.62;5.12;0.94;46.36;0.04;0.29;0.11;;;;;;;;;;;;;;;
Sc vs Ho;F22;Ho;239.20;42.56;1.72E+08;0.00;0.38;56.52;41.9950441;5.18;0.96;48.57;0.01;0.35;0.08;;;;;;;;;;;;;;;
Sc vs Ho;F22;Ho;263.20;44.20;169216666.67;0.00;0.25;54.68;38.76;5.25;0.98;50.21;0.04;0.35;0.10;;;;;;;;;;;;;;;
Sc vs Ho;F22;Ho;334.20;47.66;166183333.33;0.00;0.07;51.23;34.60;5.36;1.02;53.23;0.04;0.38;0.09;;;;;;;;;;;;;;;
Sc vs Ho;F23;Ho;0.00;0.00;9.92E+05;0.00;1.00;100.00;100.00;0.00;0.00;0.00;0.00;0.00;0.00;131.56;138.98;466.32;43.74;471.66;120.46;17.39;40.33;29.41;35.79;74.38;70.72;252.74;18.17;42.23
Sc vs Ho;F23;Ho;5.90;0.03;9.80E+05;0.00;0.94;;;;;;;;;;;;;;;;;;;;;;;
Sc vs Ho;F23;Ho;11.30;0.03;4.55E+06;0.00;0.98;;;;;;;;;;;;;;;;;;;;;;;
Sc vs Ho;F23;Ho;22.40;0.41;5.68E+07;0.00;0.96;86.51;87.3471588;0.29;0.03;3.59;0.01;0.01;0.04;;;;;;;;;;;;;;;
Sc vs Ho;F23;Ho;33.80;3.31;1.24E+08;0.00;0.96;;;;;;;;;;;;;;;;;;;;;;;
Sc vs Ho;F23;Ho;46.50;8.12;1.39E+08;0.00;0.96;87.09;82.4434964;1.58;0.21;12.34;0.00;0.07;0.10;;;;;;;;;;;;;;;
Sc vs Ho;F23;Ho;59.50;13.05;1.61E+08;0.00;0.94;;;;;;;;;;;;;;;;;;;;;;;
Sc vs Ho;F23;Ho;70.90;17.12;1.52E+08;0.00;0.97;81.79;74.1587316;3.04;0.46;22.12;0.00;0.17;0.13;;;;;;;;;;;;;;;
Sc vs Ho;F23;Ho;80.30;20.31;1.49E+08;0.00;0.92;;;;;;;;;;;;;;;;;;;;;;;
Sc vs Ho;F23;Ho;98.90;25.97;1.51E+08;0.00;0.82;;;;;;;;;61.7606;0.21;52.59;1.43;0.00;1.15;0.85;3.44;0.00;0.00;0.41;0.00;0.00;0.00;0.00
Sc vs Ho;F23;Ho;166.90;36.77;1.58E+08;0.00;0.55;59.88;45.2386125;4.53;0.85;40.24;0.01;0.29;0.11;;;;;;;;;;;;;;;
Sc vs Ho;F23;Ho;191.20;39.06;1.62E+08;0.00;0.47;62.39;45.01;5.00;0.94;44.95;0.02;0.32;0.13;;;;;;;;;;;;;;;
Sc vs Ho;F23;Ho;214.80;41.17;1.68E+08;0.00;0.34;57.57;40.98;4.89;0.93;45.41;0.03;0.32;0.11;;;;;;;;;;;;;;;
Sc vs Ho;F23;Ho;239.20;43.16;1.54E+08;0.00;0.39;58.45;39.4766682;5.17;0.99;49.16;0.00;0.35;0.09;;;;;;;;;;;;;;;
Sc vs Ho;F23;Ho;263.20;44.92;153700000;0.00;0.24;56.16;36.56;5.19;1.01;50.35;0.03;0.35;0.11;;;;;;;;;;;;;;;
Sc vs Ho;F23;Ho;334.20;48.29;146750000.00;0.00;0.04;52.32;33.11;5.25;1.05;52.99;0.03;0.37;0.10;;;;;;;;;;;;;;;
Sc vs Ho;F24;Ho;0.00;0.00;9.92E+05;0.00;1.00;100.00;100.00;0.00;0.00;0.00;0.00;0.00;0.00;131.56;138.98;466.32;43.74;471.66;120.46;17.39;40.33;29.41;35.79;74.38;70.72;252.74;18.17;42.23
Sc vs Ho;F24;Ho;5.90;0.09;9.21E+05;0.00;0.94;;;;;;;;;;;;;;;;;;;;;;;
Sc vs Ho;F24;Ho;11.30;0.15;4.26E+06;0.00;0.98;;;;;;;;;;;;;;;;;;;;;;;
Sc vs Ho;F24;Ho;22.40;0.46;5.05E+07;0.00;0.94;88.77;89.824804;0.28;0.02;3.51;0.00;0.01;0.03;;;;;;;;;;;;;;;
Sc vs Ho;F24;Ho;33.80;3.50;1.22E+08;0.00;0.94;;;;;;;;;;;;;;;;;;;;;;;
Sc vs Ho;F24;Ho;46.50;8.67;1.39E+08;0.00;0.95;82.72;77.9335742;1.56;0.18;11.86;0.02;0.06;0.11;;;;;;;;;;;;;;;
Sc vs Ho;F24;Ho;59.50;12.64;1.58E+08;0.00;0.91;;;;;;;;;;;;;;;;;;;;;;;
Sc vs Ho;F24;Ho;70.90;16.78;1.57E+08;0.00;0.95;81.50;73.2616216;3.12;0.45;22.52;0.07;0.17;0.18;;;;;;;;;;;;;;;
Sc vs Ho;F24;Ho;80.30;19.89;1.50E+08;0.00;0.86;;;;;;;;;;;;;;;;;;;;;;;
Sc vs Ho;F24;Ho;98.90;25.56;1.56E+08;0.00;0.77;;;;;;;;;56.3974;0.28;51.95;1.53;0.00;1.14;0.93;3.66;0.00;0.00;0.43;0.00;0.00;0.00;0.00
Sc vs Ho;F24;Ho;166.90;36.37;1.68E+08;0.00;0.45;62.90;47.5092205;4.85;0.88;42.50;0.01;0.31;0.11;;;;;;;;;;;;;;;
Sc vs Ho;F24;Ho;191.20;38.40;1.70E+08;0.00;0.39;61.66;44.25;5.05;0.91;44.45;;0.33;0.27;;;;;;;;;;;;;;;
Sc vs Ho;F24;Ho;214.80;40.27;1.75E+08;0.00;0.28;59.06;42.09;5.11;0.95;47.09;0.16;0.26;0.17;;;;;;;;;;;;;;;
Sc vs Ho;F24;Ho;239.20;42.21;1.57E+08;0.00;0.34;57.33;39.7089522;5.19;0.99;48.65;0.16;0.34;0.19;;;;;;;;;;;;;;;
Sc vs Ho;F24;Ho;263.20;43.96;161583333.33;0.00;0.22;54.77;35.97;5.18;0.98;49.87;0.21;0.35;0.19;;;;;;;;;;;;;;;
Sc vs Ho;F24;Ho;334.20;47.09;158600000.00;0.00;0.05;50.85;32.53;5.21;1.03;52.11;0.16;0.37;0.14;;;;;;;;;;;;;;;
Sc vs Ho;F21;Sc;0.00;0.00;9.84E+05;1.00;1.00;100.00;100.00;0.00;0.00;0.00;0.00;0.00;0.00;131.56;138.98;466.32;43.74;471.66;120.46;17.39;40.33;29.41;35.79;74.38;70.72;252.74;18.17;42.23
Sc vs Ho;F21;Sc;5.90;0.02;6.37E+05;1.00;0.99;;;;;;;;;;;;;;;;;;;;;;;
Sc vs Ho;F21;Sc;11.30;0.02;1.61E+06;1.00;0.99;;;;;;;;;;;;;;;;;;;;;;;
Sc vs Ho;F21;Sc;22.40;0.25;2.47E+07;1.00;0.99;83.65;88.1892387;0.23;0.04;3.02;0.04;0.01;0.05;;;;;;;;;;;;;;;
Sc vs Ho;F21;Sc;33.80;3.70;8.45E+07;1.00;0.99;;;;;;;;;;;;;;;;;;;;;;;
Sc vs Ho;F21;Sc;46.50;14.78;1.35E+08;1.00;0.92;62.67;79.4362685;1.99;0.32;18.81;0.01;0.07;0.08;;;;;;;;;;;;;;;
Sc vs Ho;F21;Sc;59.50;25.42;1.41E+08;1.00;0.92;;;;;;;;;;;;;;;;;;;;;;;
Sc vs Ho;F21;Sc;70.90;33.19;1.51E+08;1.00;0.97;43.83;74.169602;3.36;0.54;39.66;0.03;0.21;0.10;;;;;;;;;;;;;;;
Sc vs Ho;F21;Sc;80.30;39.03;1.57E+08;1.00;0.93;;;;;;;;;;;;;;;;;;;;;;;
Sc vs Ho;F21;Sc;98.90;49.45;1.58E+08;1.00;0.90;;;;;;;;;0;0.00;0.00;1.34;0.00;0.81;0.16;0.00;0.00;0.00;0.00;0.00;0.00;0.00;0.00
Sc vs Ho;F21;Sc;166.90;79.58;1.64E+08;1.00;0.93;35.55;52.80;3.58;0.51;51.72;0.04;0.41;0.09;;;;;;;;;;;;;;;
Sc vs Ho;F21;Sc;191.20;86.03;1.71E+08;1.00;0.95;0.15;4.78;5.40;0.68;96.68;0.07;0.94;0.10;;;;;;;;;;;;;;;
Sc vs Ho;F21;Sc;214.80;88.36;1.71E+08;1.00;0.96;0.12;;5.45;0.67;96.85;0.08;0.10;0.09;;;;;;;;;;;;;;;
Sc vs Ho;F21;Sc;239.20;88.68;1.65E+08;1.00;0.95;0.53;0.82916752;5.45;0.68;98.63;0.08;1.03;0.07;;;;;;;;;;;;;;;
Sc vs Ho;F21;Sc;263.20;88.84;160183333.33;1.00;0.93;0.13;0.35;5.47;0.70;99.24;0.08;1.05;0.07;;;;;;;;;;;;;;;
Sc vs Ho;F21;Sc;334.20;89.22;154033333.33;1.00;0.57;0.14;0.23;5.43;0.72;99.16;0.09;0.99;0.05;;;;;;;;;;;;;;;
Sc vs Ho;F25;Sc vs Ho;0.00;0.00;1.01E+06;0.10;1.00;100.00;100.00;0.00;0.00;0.00;0.00;0.00;0.00;131.56;138.98;466.32;43.74;471.66;120.46;17.39;40.33;29.41;35.79;74.38;70.72;252.74;18.17;42.23
Sc vs Ho;F25;Sc vs Ho;5.90;0.06;7.06E+05;0.08;0.94;;;;;;;;;;;;;;;;;;;;;;;
Sc vs Ho;F25;Sc vs Ho;11.30;0.08;3.19E+06;0.04;0.98;;;;;;;;;;;;;;;;;;;;;;;
Sc vs Ho;F25;Sc vs Ho;22.40;0.40;5.13E+07;0.03;0.95;90.47;92.1104474;0.24;0.02;3.34;0.00;0.01120156;0.02265473;;;;;;;;;;;;;;;
Sc vs Ho;F25;Sc vs Ho;33.80;3.70;1.43E+08;0.06;0.95;;;;;;;;;;;;;;;;;;;;;;;
Sc vs Ho;F25;Sc vs Ho;46.50;9.94;1.73E+08;0.09;0.95;81.98;78.7243386;1.66;0.19;13.40;0.00;0.08;0.09;;;;;;;;;;;;;;;
Sc vs Ho;F25;Sc vs Ho;59.50;17.08;2.11E+08;0.13;0.92;;;;;;;;;;;;;;;;;;;;;;;
Sc vs Ho;F25;Sc vs Ho;70.90;23.42;2.17E+08;0.18;0.97;72.90;68.8019236;3.28;0.39;28.45;0.01;0.18;0.12;;;;;;;;;;;;;;;
Sc vs Ho;F25;Sc vs Ho;80.30;28.58;2.15E+08;0.20;0.89;;;;;;;;;;;;;;;;;;;;;;;
Sc vs Ho;F25;Sc vs Ho;98.90;38.10;2.28E+08;0.26;0.87;;;;;;;;;0.7542;1.08;0.00;1.34;1.63;0.92;1.54;0.00;0.00;0.00;0.58;0.00;0.00;0.00;0.00
Sc vs Ho;F25;Sc vs Ho;166.90;58.21;2.41E+08;0.34;0.71;31.78;32.9136088;5.28;0.69;65.29;0.02;0.31;0.10;;;;;;;;;;;;;;;
Sc vs Ho;F25;Sc vs Ho;191.20;63.84;2.45E+08;0.32;0.54;19.49;21.65;4.24;0.58;54.25;0.02;0.30;0.07;;;;;;;;;;;;;;;
Sc vs Ho;F25;Sc vs Ho;214.80;68.71;2.52E+08;0.33;0.42;19.20;23.87;5.76;0.80;77.58;0.02;0.42;0.08;;;;;;;;;;;;;;;
Sc vs Ho;F25;Sc vs Ho;239.20;73.24;2.35E+08;0.37;0.40;12.84;18.7209929;5.55;0.76;75.96;0.03;0.43;0.08;;;;;;;;;;;;;;;
Sc vs Ho;F25;Sc vs Ho;263.20;77.10;242266666.67;0.81;0.37;8.74;15.67;6.03;0.84;86.55;0.03;0.40;0.08;;;;;;;;;;;;;;;
Sc vs Ho;F25;Sc vs Ho;334.20;85.68;239116666.67;0.97;0.28;1.20;7.18;6.29;0.86;94.84;0.03;0.55;0.08;;;;;;;;;;;;;;;
Sc vs Ho;F26;Sc vs Ho;0.00;0.00;1.01E+06;0.10;1.00;100.00;100.00;0.00;0.00;0.00;0.00;0.00;0.00;131.56;138.98;466.32;43.74;471.66;120.46;17.39;40.33;29.41;35.79;74.38;70.72;252.74;18.17;42.23
Sc vs Ho;F26;Sc vs Ho;5.90;-0.01;9.10E+05;0.08;0.94;;;;;;;;;;;;;;;;;;;;;;;
Sc vs Ho;F26;Sc vs Ho;11.30;0.00;4.33E+06;0.04;0.98;;;;;;;;;;;;;;;;;;;;;;;
Sc vs Ho;F26;Sc vs Ho;22.40;0.36;5.59E+07;0.04;0.96;86.55;87.7425629;0.27;0.03;3.53;0.00;0.01250977;0.02542536;;;;;;;;;;;;;;;
Sc vs Ho;F26;Sc vs Ho;33.80;3.81;1.39E+08;0.07;0.97;;;;;;;;;;;;;;;;;;;;;;;
Sc vs Ho;F26;Sc vs Ho;46.50;9.97;1.62E+08;0.11;0.96;73.53;68.1782701;1.54;0.18;12.70;0.00;0.07;0.09;;;;;;;;;;;;;;;
Sc vs Ho;F26;Sc vs Ho;59.50;17.14;1.96E+08;0.16;0.91;;;;;;;;;;;;;;;;;;;;;;;
Sc vs Ho;F26;Sc vs Ho;70.90;23.54;2.01E+08;0.20;0.97;72.31;67.8164026;3.27;0.39;28.88;0.00;0.18;0.13;;;;;;;;;;;;;;;
Sc vs Ho;F26;Sc vs Ho;80.30;28.80;2.03E+08;0.23;0.89;;;;;;;;;;;;;;;;;;;;;;;
Sc vs Ho;F26;Sc vs Ho;98.90;38.49;2.10E+08;0.29;0.89;;;;;;;;;0;1.08;0.00;1.30;1.83;0.95;1.79;0.00;0.00;0.00;0.68;0.16;0.00;0.00;0.00
Sc vs Ho;F26;Sc vs Ho;166.90;59.09;2.27E+08;0.38;0.75;31.37;33.1465725;5.38;0.71;68.20;0.02;0.36;0.10;;;;;;;;;;;;;;;
Sc vs Ho;F26;Sc vs Ho;191.20;64.82;2.30E+08;0.37;0.58;23.56;27.25;5.49;0.74;73.24;0.02;0.38;0.09;;;;;;;;;;;;;;;
Sc vs Ho;F26;Sc vs Ho;214.80;69.98;2.36E+08;0.36;0.47;17.43;22.33;5.68;0.77;78.99;0.02;0.36;0.09;;;;;;;;;;;;;;;
Sc vs Ho;F26;Sc vs Ho;239.20;74.62;2.17E+08;0.42;0.43;11.77;18.6738843;5.85;0.81;84.06;0.03;0.44;0.08;;;;;;;;;;;;;;;
Sc vs Ho;F26;Sc vs Ho;263.20;78.49;234850000.00;0.83;0.40;7.07;14.84;5.97;0.83;88.09;0.03;0.40;0.08;;;;;;;;;;;;;;;
Sc vs Ho;F26;Sc vs Ho;334.20;84.79;220650000.00;0.98;0.34;0.76;5.99;6.18;0.84;96.25;0.03;0.39;0.08;;;;;;;;;;;;;;;
Sc vs Ho;F27;Sc vs Ho;0.00;0.00;1.01E+06;0.10;1.00;100.00;100.00;0.00;0.00;0.00;0.00;0.00;0.00;131.56;138.98;466.32;43.74;471.66;120.46;17.39;40.33;29.41;35.79;74.38;70.72;252.74;18.17;42.23
Sc vs Ho;F27;Sc vs Ho;5.90;0.06;8.66E+05;0.07;0.93;;;;;;;;;;;;;;;;;;;;;;;
Sc vs Ho;F27;Sc vs Ho;11.30;0.10;3.99E+06;0.04;0.98;;;;;;;;;;;;;;;;;;;;;;;
Sc vs Ho;F27;Sc vs Ho;22.40;0.39;5.45E+07;0.04;0.94;88.97;90.3922492;0.27;0.03;3.49;0.00;0.0115923;0.04188809;;;;;;;;;;;;;;;
Sc vs Ho;F27;Sc vs Ho;33.80;3.90;1.38E+08;0.07;0.95;;;;;;;;;;;;;;;;;;;;;;;
Sc vs Ho;F27;Sc vs Ho;46.50;10.14;1.66E+08;0.11;0.94;80.77;77.6169338;1.71;0.19;13.60;0.00;0.07;0.09;;;;;;;;;;;;;;;
Sc vs Ho;F27;Sc vs Ho;59.50;17.32;2.02E+08;0.16;0.89;;;;;;;;;;;;;;;;;;;;;;;
Sc vs Ho;F27;Sc vs Ho;70.90;23.64;2.16E+08;0.21;1.00;86.93;92.8752308;1.34;0.03;9.30;0.05;0.09;0.07;;;;;;;;;;;;;;;
Sc vs Ho;F27;Sc vs Ho;80.30;28.80;2.00E+08;0.24;0.88;;;;;;;;;;;;;;;;;;;;;;;
Sc vs Ho;F27;Sc vs Ho;98.90;38.20;2.10E+08;0.30;0.86;;;;;;;;;0;0.00;0.00;1.24;0.40;0.83;0.81;0.00;0.00;0.00;0.34;0.00;0.00;0.00;0.00
Sc vs Ho;F27;Sc vs Ho;166.90;58.34;2.27E+08;0.42;0.68;31.00;34.6352525;5.33;0.72;66.07;0.02;0.31;0.10;;;;;;;;;;;;;;;
Sc vs Ho;F27;Sc vs Ho;191.20;64.01;2.31E+08;0.39;0.55;23.35;28.64;5.42;0.75;70.79;0.02;0.37;0.09;;;;;;;;;;;;;;;
Sc vs Ho;F27;Sc vs Ho;214.80;69.09;2.34E+08;0.39;0.43;17.67;24.78;5.73;0.79;77.42;0.02;0.36;0.09;;;;;;;;;;;;;;;
Sc vs Ho;F27;Sc vs Ho;239.20;73.81;2.26E+08;0.43;0.42;12.07;19.9999306;5.89;0.81;82.79;0.03;0.44;0.09;;;;;;;;;;;;;;;
Sc vs Ho;F27;Sc vs Ho;263.20;77.82;235133333.33;0.84;0.41;7.39;16.34;6.02;0.84;86.86;0.03;0.47;0.08;;;;;;;;;;;;;;;
Sc vs Ho;F27;Sc vs Ho;334.20;85.55;228483333.33;0.98;0.34;0.82;6.61;6.25;0.86;95.88;0.03;0.43;0.08;;;;;;;;;;;;;;;
Sc vs Hu;F23;Hu;0.00;0.00;985200;0.00;1.00;100.00;100.00;0.00;0.00;0.00;0.00;0.00;0.00;131.56;138.98;466.32;43.74;471.66;120.46;17.39;40.33;29.41;35.79;74.38;70.72;252.74;18.17;42.23
Sc vs Hu;F23;Hu;4.80;0.01;1059500;0.00;0.99;;;;;;;;;;;;;;;;;;;;;;;
Sc vs Hu;F23;Hu;10.10;0.01;4731500;0.00;1.00;;;;;;;;;;;;;;;;;;;;;;;
Sc vs Hu;F23;Hu;21.60;0.45;107774000;0.00;0.99;94.25;9.45E+01;0.25;0.02;3.43;0.00;0.03;0.00;;;;;;;;;;;;;;;
Sc vs Hu;F23;Hu;32.40;2.95;165875000;0.00;0.99;;;;;;;;;;;;;;;;;;;;;;;
Sc vs Hu;F23;Hu;45.80;6.56;135775000;0.00;0.99;96.88;9.47E+01;1.65;0.19;9.95;0.00;0.13;0.01;;;;;;;;;;;;;;;
Sc vs Hu;F23;Hu;57.80;9.95;141825000;0.00;0.97;;;;;;;;;;;;;;;;;;;;;;;
Sc vs Hu;F23;Hu;81.80;15.80;135850000;0.00;0.94;;;;;;;;;;;;;;;;;;;;;;;
Sc vs Hu;F23;Hu;99.80;19.38;149825000;0.00;0.93;79.68;76.83412228;4.18;0.57;22.36;0.01;0.32;0.01;64.2746;0.00;57.05;1.13;0.00;0.74;1.39;1.93;0.00;0.00;0.23;0.00;0.00;0.00;0.00
Sc vs Hu;F23;Hu;166.20;26.16;139050000;0.00;0.77;65.40;63.4211287;4.88;0.95;29.50;0.00;0.44;0.11;;;;;;;;;;;;;;;
Sc vs Hu;F23;Hu;190.20;27.26;1.44E+08;0.00;0.62;64.46;62.7080709;5.01;1.00;30.73;0.03;0.53;0.13;;;;;;;;;;;;;;;
Sc vs Hu;F23;Hu;212.90;28.20;1.30E+08;0.00;0.55;63.40;61.2059087;5.10;1.03;31.52;0.04;0.50;0.13;;;;;;;;;;;;;;;
Sc vs Hu;F23;Hu;237.90;29.12;1.46E+08;0.00;0.26;69.49;67.79;5.45;1.07;32.74;0.04;0.64;0.14;;;;;;;;;;;;;;;
Sc vs Hu;F23;Hu;269.10;30.02;1.65E+08;0.00;0.32;61.66;60.77;5.30;1.12;33.69;0.04;0.63;0.13;;;;;;;;;;;;;;;
Sc vs Hu;F23;Hu;331.30;31.21;1.56E+08;0.00;0.18;64.02;63.41;5.59;1.19;35.71;0.02;0.71;0.10;;;;;;;;;;;;;;;
Sc vs Hu;F24;Hu;0.00;0.00;985200;0.00;1.00;100.00;100.00;0.00;0.00;0.00;0.00;0.00;0.00;131.56;138.98;466.32;43.74;471.66;120.46;17.39;40.33;29.41;35.79;74.38;70.72;252.74;18.17;42.23
Sc vs Hu;F24;Hu;4.80;0.07;1188500;0.00;0.99;;;;;;;;;;;;;;;;;;;;;;;
Sc vs Hu;F24;Hu;10.10;0.05;5350000;0.00;1.00;;;;;;;;;;;;;;;;;;;;;;;
Sc vs Hu;F24;Hu;21.60;0.45;103601667;0.00;1.00;108.92;1.10E+02;0.31;0.02;4.05;0.00;0.04;0.01;;;;;;;;;;;;;;;
Sc vs Hu;F24;Hu;32.40;2.78;143775000;0.00;0.99;;;;;;;;;;;;;;;;;;;;;;;
Sc vs Hu;F24;Hu;45.80;6.26;143200000;0.00;0.99;104.15;1.02E+02;1.72;0.20;10.38;0.02;0.14;0.03;;;;;;;;;;;;;;;
Sc vs Hu;F24;Hu;57.80;9.54;122175000;0.00;0.98;;;;;;;;;;;;;;;;;;;;;;;
Sc vs Hu;F24;Hu;81.80;15.16;141850000;0.00;0.95;;;;;;;;;;;;;;;;;;;;;;;
Sc vs Hu;F24;Hu;99.80;18.70;142975000;0.00;0.95;78.56;76.42953573;3.89;0.55;21.63;0.14;0.30;0.11;63.6042;0.00;132.18;1.14;0.00;0.68;3.35;5.30;0.00;0.00;0.54;0.00;4.50;0.00;0.00
Sc vs Hu;F24;Hu;166.20;25.77;132400000;0.00;0.70;65.93;64.9366788;4.74;0.93;29.33;0.01;0.41;0.11;;;;;;;;;;;;;;;
Sc vs Hu;F24;Hu;190.20;26.84;1.31E+08;0.00;0.55;66.04;65.3179223;4.95;1.00;30.94;0.01;0.53;0.11;;;;;;;;;;;;;;;
Sc vs Hu;F24;Hu;212.90;27.72;1.19E+08;0.00;0.47;63.80;62.7377191;4.95;1.01;31.17;0.04;0.55;0.12;;;;;;;;;;;;;;;
Sc vs Hu;F24;Hu;237.90;28.73;1.18E+08;0.00;0.21;75.48;72.14;5.58;1.08;33.65;0.04;0.67;0.14;;;;;;;;;;;;;;;
Sc vs Hu;F24;Hu;269.10;29.56;1.36E+08;0.00;0.25;72.45;72.17;5.66;1.14;35.31;0.16;0.69;0.20;;;;;;;;;;;;;;;
Sc vs Hu;F24;Hu;331.30;30.58;1.39E+08;0.00;0.15;71.37;71.53;5.71;1.17;35.97;0.02;0.75;0.10;;;;;;;;;;;;;;;
Sc vs Hu;F25;Hu;0.00;0.00;985200;0.00;1.00;100.00;100.00;0.00;0.00;0.00;0.00;0.00;0.00;131.56;138.98;466.32;43.74;471.66;120.46;17.39;40.33;29.41;35.79;74.38;70.72;252.74;18.17;42.23
Sc vs Hu;F25;Hu;4.80;0.03;1058500;0.00;0.99;;;;;;;;;;;;;;;;;;;;;;;
Sc vs Hu;F25;Hu;10.10;0.03;4615500;0.00;1.00;;;;;;;;;;;;;;;;;;;;;;;
Sc vs Hu;F25;Hu;21.60;0.42;104750000;0.00;0.99;111.25;1.12E+02;0.29;0.02;4.05;0.00;0.03;0.00;;;;;;;;;;;;;;;
Sc vs Hu;F25;Hu;32.40;3.20;169000000;0.00;0.99;;;;;;;;;;;;;;;;;;;;;;;
Sc vs Hu;F25;Hu;45.80;7.22;166975000;0.00;0.99;98.77;9.61E+01;1.81;0.20;10.78;0.03;0.14;0.04;;;;;;;;;;;;;;;
Sc vs Hu;F25;Hu;57.80;10.85;146575000;0.00;0.95;;;;;;;;;;;;;;;;;;;;;;;
Sc vs Hu;F25;Hu;81.80;16.82;141150000;0.00;0.91;;;;;;;;;;;;;;;;;;;;;;;
Sc vs Hu;F25;Hu;99.80;20.29;156725000;0.00;0.89;78.68;75.899031;4.39;0.61;23.86;0.15;0.33;0.14;64.4422;0.00;109.10;1.12;0.00;0.84;1.85;4.00;0.00;0.00;0.57;0.00;0.00;0.00;0.00
Sc vs Hu;F25;Hu;166.20;26.42;129775000;0.00;0.76;66.57;64.0941854;5.07;1.01;30.89;0.00;0.42;0.10;;;;;;;;;;;;;;;
Sc vs Hu;F25;Hu;190.20;27.57;1.40E+08;0.00;0.58;64.59;62.4034811;5.13;1.06;31.84;0.03;0.44;0.12;;;;;;;;;;;;;;;
Sc vs Hu;F25;Hu;212.90;28.57;1.38E+08;0.00;0.51;66.52;63.8333041;5.46;1.13;34.32;0.03;0.59;0.12;;;;;;;;;;;;;;;
Sc vs Hu;F25;Hu;237.90;29.41;1.47E+08;0.00;0.24;78.83;73.52;6.18;1.20;37.14;0.20;0.71;0.20;;;;;;;;;;;;;;;
Sc vs Hu;F25;Hu;269.10;30.35;1.64E+08;0.00;0.29;68.95;67.04;5.70;1.18;35.74;0.21;0.67;0.19;;;;;;;;;;;;;;;
Sc vs Hu;F25;Hu;331.30;31.68;1.61E+08;0.00;0.18;66.32;65.06;5.74;1.23;36.92;0.04;0.71;0.12;;;;;;;;;;;;;;;
Sc vs Hu;F21;Sc;0.00;0.00;816000;1.00;1.00;100.00;100.00;0.00;0.00;0.00;0.00;0.00;0.00;131.56;138.98;466.32;43.74;471.66;120.46;17.39;40.33;29.41;35.79;74.38;70.72;252.74;18.17;42.23
Sc vs Hu;F21;Sc;4.80;0.03;769000;1.00;0.99;;;;;;;;;;;;;;;;;;;;;;;
Sc vs Hu;F21;Sc;10.10;-0.01;1613000;1.00;0.99;;;;;;;;;;;;;;;;;;;;;;;
Sc vs Hu;F21;Sc;21.60;0.12;20606667;1.00;0.99;99.28;1.04E+02;0.17;0.03;2.90;0.05;0.00;0.04;;;;;;;;;;;;;;;
Sc vs Hu;F21;Sc;32.40;3.89;84000000;1.00;0.98;;;;;;;;;;;;;;;;;;;;;;;
Sc vs Hu;F21;Sc;45.80;15.97;145450000;1.00;0.90;60.08;7.62E+01;1.86;0.20;16.92;0.00;0.07;0.01;;;;;;;;;;;;;;;
Sc vs Hu;F21;Sc;57.80;25.56;168125000;1.00;0.84;;;;;;;;;;;;;;;;;;;;;;;
Sc vs Hu;F21;Sc;81.80;40.42;167725000;1.00;0.80;;;;;;;;;;;;;;;;;;;;;;;
Sc vs Hu;F21;Sc;99.80;50.02;179250000;1.00;0.88;22.50;56.16578359;3.91;0.39;52.41;0.01;0.30;0.01;0;0.00;0.00;1.03;0.00;0.69;0.46;0.00;0.00;0.00;0.00;0.00;0.00;0.00;0.00
Sc vs Hu;F21;Sc;166.20;78.26;165550000;1.00;0.96;0.89;16.9218216;5.24;0.68;89.56;0.05;0.73;0.09;;;;;;;;;;;;;;;
Sc vs Hu;F21;Sc;190.20;84.54;1.69E+08;1.00;0.92;0.17;6.10996917;5.22;0.58;92.08;0.12;1.10;0.10;;;;;;;;;;;;;;;
Sc vs Hu;F21;Sc;212.90;87.19;1.81E+08;1.00;0.93;0.09;0;5.29;0.59;95.89;0.10;1.17;0.08;;;;;;;;;;;;;;;
Sc vs Hu;F21;Sc;237.90;87.63;1.90E+08;1.00;0.93;0.08;0.00;5.44;0.63;98.14;0.11;1.21;0.08;;;;;;;;;;;;;;;
Sc vs Hu;F21;Sc;259.20;87.81;1.76E+08;1.00;0.81;0.09;0.00;5.52;0.65;99.61;0.10;1.25;0.07;;;;;;;;;;;;;;;
Sc vs Hu;F22;Sc;0.00;0.00;816000;1.00;1.00;100.00;100.00;0.00;0.00;0.00;0.00;0.00;0.00;131.56;138.98;466.32;43.74;471.66;120.46;17.39;40.33;29.41;35.79;74.38;70.72;252.74;18.17;42.23
Sc vs Hu;F22;Sc;4.80;0.00;754500;1.00;0.98;;;;;;;;;;;;;;;;;;;;;;;
Sc vs Hu;F22;Sc;10.10;0.00;1736500;1.00;0.99;;;;;;;;;;;;;;;;;;;;;;;
Sc vs Hu;F22;Sc;21.60;0.24;24341667;1.00;0.99;102.94;1.08E+02;0.21;0.04;3.23;0.00;0.00;0.01;;;;;;;;;;;;;;;
Sc vs Hu;F22;Sc;32.40;4.77;93775000;1.00;0.97;;;;;;;;;;;;;;;;;;;;;;;
Sc vs Hu;F22;Sc;45.80;17.51;152175000;1.00;0.89;72.84;9.38E+01;2.35;0.26;21.57;0.00;0.09;0.01;;;;;;;;;;;;;;;
Sc vs Hu;F22;Sc;57.80;27.20;168325000;1.00;0.83;;;;;;;;;;;;;;;;;;;;;;;
Sc vs Hu;F22;Sc;81.80;42.35;173925000;1.00;0.81;;;;;;;;;;;;;;;;;;;;;;;
Sc vs Hu;F22;Sc;99.80;52.31;179050000;1.00;0.87;20.69;55.74379607;4.04;0.42;54.67;0.01;0.31;0.01;0;0.00;64.45;1.02;0.00;0.73;1.43;2.35;0.00;0.00;0.38;0.00;0.00;0.00;0.00
Sc vs Hu;F22;Sc;166.20;81.07;166775000;1.00;0.93;0.58;14.4293313;5.27;0.62;90.55;0.10;1.01;0.12;;;;;;;;;;;;;;;
Sc vs Hu;F22;Sc;190.20;86.86;1.79E+08;1.00;0.90;0.12;3.09851063;5.06;0.59;91.37;0.10;1.20;0.09;;;;;;;;;;;;;;;
Sc vs Hu;F22;Sc;212.90;88.58;1.91E+08;1.00;0.90;0.09;0;5.28;0.63;96.78;0.04;1.30;0.06;;;;;;;;;;;;;;;
Sc vs Hu;F22;Sc;237.90;88.90;1.96E+08;1.00;0.85;0.08;0.29;5.44;0.64;98.02;0.09;1.36;0.07;;;;;;;;;;;;;;;
Sc vs Hu;F22;Sc;259.20;89.10;1.91E+08;1.00;0.73;0.08;0.00;5.48;0.66;99.85;0.09;1.42;0.07;;;;;;;;;;;;;;;
Sc vs Hu;F26;Sc vs Hu;0.00;0.00;984700;0.10;1.00;100.00;100.00;0.00;0.00;0.00;0.00;0.00;0.00;131.56;138.98;466.32;43.74;471.66;120.46;17.39;40.33;29.41;35.79;74.38;70.72;252.74;18.17;42.23
Sc vs Hu;F26;Sc vs Hu;4.80;0.00;985000;0.11;0.99;;;;;;;;;;;;;;;;;;;;;;;
Sc vs Hu;F26;Sc vs Hu;10.10;0.05;4230500;0.06;1.00;;;;;;;;;;;;;;;;;;;;;;;
Sc vs Hu;F26;Sc vs Hu;21.60;0.47;95805000;0.06;0.99;97.78;9.94E+01;0.25;0.02;3.57;0.00;0.03;0.00;;;;;;;;;;;;;;;
Sc vs Hu;F26;Sc vs Hu;32.40;3.45;157375000;0.13;0.99;;;;;;;;;;;;;;;;;;;;;;;
Sc vs Hu;F26;Sc vs Hu;45.80;8.42;146075000;0.19;0.97;103.21;1.04E+02;1.87;0.19;13.19;0.00;0.15;0.01;;;;;;;;;;;;;;;
Sc vs Hu;F26;Sc vs Hu;57.80;13.91;169050000;0.29;0.92;;;;;;;;;;;;;;;;;;;;;;;
Sc vs Hu;F26;Sc vs Hu;81.80;26.26;190000000;0.38;0.92;;;;;;;;;;;;;;;;;;;;;;;
Sc vs Hu;F26;Sc vs Hu;99.80;34.55;171550000;0.43;0.93;56.15;71.17554;4.57;0.38;40.55;0.00;0.32;0.00;0;0.00;0.00;1.08;0.00;0.63;0.19;0.00;0.00;0.00;0.00;0.00;0.00;0.00;0.00
Sc vs Hu;F26;Sc vs Hu;166.20;53.86;171875000;0.61;0.86;24.99;46.1227814;5.23;0.65;59.61;0.03;0.35;0.12;;;;;;;;;;;;;;;
Sc vs Hu;F26;Sc vs Hu;190.20;60.23;1.71E+08;0.73;0.69;18.50;41.2966598;5.72;0.72;68.66;0.03;0.43;0.12;;;;;;;;;;;;;;;
Sc vs Hu;F26;Sc vs Hu;212.90;66.27;1.87E+08;0.68;0.56;11.88;34.3953437;5.93;0.75;74.49;0.03;0.41;0.12;;;;;;;;;;;;;;;
Sc vs Hu;F26;Sc vs Hu;237.90;72.51;1.80E+08;0.79;0.59;7.46;31.62;6.87;0.83;87.71;0.21;0.63;0.24;;;;;;;;;;;;;;;
Sc vs Hu;F26;Sc vs Hu;269.10;78.88;1.85E+08;0.76;0.57;0.46;8.62;6.95;0.93;93.92;0.04;0.66;0.13;;;;;;;;;;;;;;;
Sc vs Hu;F26;Sc vs Hu;331.30;85.87;1.83E+08;0.80;0.57;0.19;5.35;6.46;0.80;96.03;0.04;0.63;0.10;;;;;;;;;;;;;;;
Sc vs Hu;F27;Sc vs Hu;0.00;0.00;984700;0.10;1.00;100.00;100.00;0.00;0.00;0.00;0.00;0.00;0.00;131.56;138.98;466.32;43.74;471.66;120.46;17.39;40.33;29.41;35.79;74.38;70.72;252.74;18.17;42.23
Sc vs Hu;F27;Sc vs Hu;4.80;-0.01;999000;0.11;0.99;;;;;;;;;;;;;;;;;;;;;;;
Sc vs Hu;F27;Sc vs Hu;10.10;0.01;4252000;0.06;1.00;;;;;;;;;;;;;;;;;;;;;;;
Sc vs Hu;F27;Sc vs Hu;21.60;0.46;97015000;0.06;0.99;114.65;1.16E+02;0.30;0.02;4.18;0.00;0.03;0.00;;;;;;;;;;;;;;;
Sc vs Hu;F27;Sc vs Hu;32.40;3.68;153050000;0.12;0.98;;;;;;;;;;;;;;;;;;;;;;;
Sc vs Hu;F27;Sc vs Hu;45.80;8.95;169975000;0.19;0.97;103.52;1.03E+02;1.96;0.20;13.63;0.00;0.14;0.01;;;;;;;;;;;;;;;
Sc vs Hu;F27;Sc vs Hu;57.80;14.72;154250000;0.33;0.91;;;;;;;;;;;;;;;;;;;;;;;
Sc vs Hu;F27;Sc vs Hu;81.80;27.53;178325000;0.39;0.91;;;;;;;;;;;;;;;;;;;;;;;
Sc vs Hu;F27;Sc vs Hu;99.80;35.43;203000000;0.48;0.91;58.29;71.2768717;4.92;0.44;42.03;0.01;0.33;0.01;0.1676;0.00;0.00;1.12;0.00;0.82;0.42;0.00;0.00;0.00;0.00;0.00;0.00;0.00;0.00
Sc vs Hu;F27;Sc vs Hu;166.20;54.67;173700000;0.62;0.87;34.64;60.0598569;6.94;0.83;72.32;0.04;0.57;0.14;;;;;;;;;;;;;;;
Sc vs Hu;F27;Sc vs Hu;190.20;60.98;1.72E+08;0.73;0.71;18.70;39.0886187;5.87;0.77;68.56;0.03;0.42;0.11;;;;;;;;;;;;;;;
Sc vs Hu;F27;Sc vs Hu;212.90;66.77;173666667;0.71;0.53;12.34;33.2399928;6.13;0.83;75.18;0.03;0.46;0.11;;;;;;;;;;;;;;;
Sc vs Hu;F27;Sc vs Hu;237.90;72.48;1.68E+08;0.82;0.56;8.91;33.55;7.39;0.90;89.79;0.04;0.67;0.13;;;;;;;;;;;;;;;
Sc vs Hu;F27;Sc vs Hu;269.10;78.47;1.83E+08;0.77;0.54;2.24;17.66;6.31;0.79;87.92;0.07;0.57;0.15;;;;;;;;;;;;;;;
Sc vs Hu;F27;Sc vs Hu;331.30;85.44;1.74E+08;0.80;0.49;0.23;6.07;6.68;0.89;96.20;0.04;0.64;0.11;;;;;;;;;;;;;;;
Sc vs Hu;F28;Sc vs Hu;0.00;0.00;984700;0.10;1.00;100.00;100.00;0.00;0.00;0.00;0.00;0.00;0.00;131.56;138.98;466.32;43.74;471.66;120.46;17.39;40.33;29.41;35.79;74.38;70.72;252.74;18.17;42.23
Sc vs Hu;F28;Sc vs Hu;4.80;0.06;886000;0.09;0.99;;;;;;;;;;;;;;;;;;;;;;;
Sc vs Hu;F28;Sc vs Hu;10.10;0.11;3733500;0.04;1.00;;;;;;;;;;;;;;;;;;;;;;;
Sc vs Hu;F28;Sc vs Hu;21.60;0.53;93100000;0.04;0.99;97.24;9.87E+01;0.24;0.02;3.49;0.00;0.02;0.01;;;;;;;;;;;;;;;
Sc vs Hu;F28;Sc vs Hu;32.40;3.48;143425000;0.09;0.98;;;;;;;;;;;;;;;;;;;;;;;
Sc vs Hu;F28;Sc vs Hu;45.80;8.27;146200000;0.16;0.98;87.76;8.71E+01;1.53;0.16;10.71;0.00;0.11;0.01;;;;;;;;;;;;;;;
Sc vs Hu;F28;Sc vs Hu;57.80;13.39;148900000;0.25;0.94;;;;;;;;;;;;;;;;;;;;;;;
Sc vs Hu;F28;Sc vs Hu;81.80;24.51;185325000;0.30;0.91;;;;;;;;;;;;;;;;;;;;;;;
Sc vs Hu;F28;Sc vs Hu;99.80;32.86;158950000;0.37;0.93;58.69;68.80163583;4.62;0.43;37.29;0.00;0.30;0.02;0;0.08;0.00;1.26;0.84;0.90;2.72;0.00;0.00;0.00;0.56;0.23;2.88;0.00;0.00
Sc vs Hu;F28;Sc vs Hu;166.20;51.18;177575000;0.63;0.90;30.35;47.9749667;5.56;0.72;57.46;0.02;0.44;0.12;;;;;;;;;;;;;;;
Sc vs Hu;F28;Sc vs Hu;190.20;56.83;1.68E+08;0.70;0.82;23.69;43.3302284;5.91;0.79;64.35;0.03;0.42;0.11;;;;;;;;;;;;;;;
Sc vs Hu;F28;Sc vs Hu;212.90;62.13;1.74E+08;0.70;0.62;17.60;38.2431583;6.23;0.85;71.26;0.03;0.44;0.11;;;;;;;;;;;;;;;
Sc vs Hu;F28;Sc vs Hu;237.90;67.90;1.65E+08;0.77;0.55;13.12;36.43;7.06;0.90;80.88;0.06;0.63;0.13;;;;;;;;;;;;;;;
Sc vs Hu;F28;Sc vs Hu;269.10;74.97;1.63E+08;0.76;0.50;2.69;17.92;6.42;0.86;86.82;0.16;0.56;0.20;;;;;;;;;;;;;;;
Sc vs Hu;F28;Sc vs Hu;331.30;83.83;1.49E+08;0.80;0.53;1.39;6.46;1.90;0.27;24.85;0.15;0.15;0.14;;;;;;;;;;;;;;;
Sc vs Mf;F28;Mf;0.00;;;;;100.00;100.00;0.00;0.00;0.00;0.00;0.00;0.00;131.56;138.98;466.32;43.74;471.66;120.46;17.39;40.33;29.41;35.79;74.38;70.72;252.74;18.17;42.23
Sc vs Mf;F28;Mf;5.90;-0.03;971000.00;0;0.99;;;;;;;;;;;;;;;;;;;;;;;
Sc vs Mf;F28;Mf;11.30;-0.01;2651000.00;0;1.00;;;;;;;;;;;;;;;;;;;;;;;
Sc vs Mf;F28;Mf;22.40;0.14;23187500.00;0;0.99;97.55;101.969937;0.22;;2.92;0.02;0.01;0.02;;;;;;;;;;;;;;;
Sc vs Mf;F28;Mf;33.80;1.07;66425000.00;0;0.99;;;;;;;;;;;;;;;;;;;;;;;
Sc vs Mf;F28;Mf;46.50;2.79;80850000.00;0;0.98;80.03;85.5569395;0.78;;5.95;0.04;0.04;0.05;;;;;;;;;;;;;;;
Sc vs Mf;F28;Mf;59.50;4.24;8.49E+07;0;0.98;;;;;;;;;;;;;;;;;;;;;;;
Sc vs Mf;F28;Mf;70.90;5.36;9.39E+07;0;1.00;73.98;70.3356005;3.39;0.41;29.09;0.01;0.18;0.12;;;;;;;;;;;;;;;
Sc vs Mf;F28;Mf;80.30;6.20;8.60E+07;0;0.98;;;;;;;;;;;;;;;;;;;;;;;
Sc vs Mf;F28;Mf;98.90;7.78;8.40E+07;0;0.98;;;;;;;;;55.1404;32.90;81.63;12.40;1.09;3.16;5.60;1.66;0.00;10.26;5.23;4.68;38.78;6.08;1.22
Sc vs Mf;F28;Mf;166.90;12.98;9.22E+07;0;0.97;74.71;84.72;2.41;0.09;16.81;0.09;0.25;0.11;;;;;;;;;;;;;;;
Sc vs Mf;F28;Mf;191.20;14.75;8.65E+07;0;0.97;66.83;77.0939693;2.40;0.10;17.17;0.08;0.26;0.10;;;;;;;;;;;;;;;
Sc vs Mf;F28;Mf;214.80;16.37;8.86E+07;0;0.96;69.03;80.1168097;2.73;0.12;20.21;0.09;0.36;0.10;;;;;;;;;;;;;;;
Sc vs Mf;F28;Mf;239.20;18.01;8.48E+07;0;0.96;67.06;79.390715;2.92;0.13;21.71;0.10;0.33;0.11;;;;;;;;;;;;;;;
Sc vs Mf;F28;Mf;263.20;19.57;8.27E+07;0;0.95;55.58;67.19599;2.65;0.12;20.34;0.09;0.30;0.10;;;;;;;;;;;;;;;
Sc vs Mf;F28;Mf;334.20;23.65;8.64E+07;0;0.93;57.28;73.7306166;3.35;0.16;27.11;0.11;0.41;0.11;;;;;;;;;;;;;;;
Sc vs Mf;F29;Mf;0.00;;;;;100.00;100.00;0.00;0.00;0.00;0.00;0.00;0.00;131.56;138.98;466.32;43.74;471.66;120.46;17.39;40.33;29.41;35.79;74.38;70.72;252.74;18.17;42.23
Sc vs Mf;F29;Mf;5.90;-0.05;1026000.00;0;0.99;;;;;;;;;;;;;;;;;;;;;;;
Sc vs Mf;F29;Mf;11.30;-0.11;2860000.00;0;1.00;;;;;;;;;;;;;;;;;;;;;;;
Sc vs Mf;F29;Mf;22.40;0.08;32525000.00;0;0.99;87.11;91.0803673;0.21;;2.71;0.02;0.01;0.02;;;;;;;;;;;;;;;
Sc vs Mf;F29;Mf;33.80;0.85;60375000.00;0;0.99;;;;;;;;;;;;;;;;;;;;;;;
Sc vs Mf;F29;Mf;46.50;2.34;71050000.00;0;0.97;93.76;100.255834;0.90;;6.63;0.04;0.04;0.05;;;;;;;;;;;;;;;
Sc vs Mf;F29;Mf;59.50;3.80;7.96E+07;0;0.98;;;;;;;;;;;;;;;;;;;;;;;
Sc vs Mf;F29;Mf;70.90;4.76;7.72E+07;0;0.97;86.01;91.7613973;1.28;0.03;8.81;0.05;0.08;0.07;;;;;;;;;;;;;;;
Sc vs Mf;F29;Mf;80.30;5.65;7.89E+07;0;0.98;;;;;;;;;;;;;;;;;;;;;;;
Sc vs Mf;F29;Mf;98.90;7.41;7.87E+07;0;0.97;;;;;;;;;52.2912;33.12;83.97;12.31;1.06;3.13;5.52;1.02;0.00;10.42;5.22;4.60;39.26;6.17;1.21
Sc vs Mf;F29;Mf;166.90;12.45;8.31E+07;0;0.97;76.19;84.51;2.39;0.08;16.41;0.08;0.23;0.11;;;;;;;;;;;;;;;
Sc vs Mf;F29;Mf;191.20;13.86;8.15E+07;0;0.96;73.48;82.6924824;2.57;0.10;18.02;0.09;0.26;0.11;;;;;;;;;;;;;;;
Sc vs Mf;F29;Mf;214.80;15.57;8.15E+07;0;0.96;71.83;82.8466473;2.75;0.11;19.69;0.09;0.28;0.10;;;;;;;;;;;;;;;
Sc vs Mf;F29;Mf;239.20;17.12;7.98E+07;0;0.96;68.61;80.7105523;2.88;0.12;21.18;0.10;0.31;0.11;;;;;;;;;;;;;;;
Sc vs Mf;F29;Mf;263.20;18.24;7.58E+07;0;0.96;58.64;70.3702757;2.69;0.12;20.36;0.10;0.29;0.10;;;;;;;;;;;;;;;
Sc vs Mf;F29;Mf;334.20;22.21;7.84E+07;0;0.93;60.51;77.2950454;3.38;0.15;26.84;0.12;0.36;0.11;;;;;;;;;;;;;;;
Sc vs Mf;F30;Mf;0.00;;;;;100.00;100.00;0.00;0.00;0.00;0.00;0.00;0.00;131.56;138.98;466.32;43.74;471.66;120.46;17.39;40.33;29.41;35.79;74.38;70.72;252.74;18.17;42.23
Sc vs Mf;F30;Mf;5.90;-0.06;1009500.00;0;0.99;;;;;;;;;;;;;;;;;;;;;;;
Sc vs Mf;F30;Mf;11.30;-0.14;2759500.00;0;1.00;;;;;;;;;;;;;;;;;;;;;;;
Sc vs Mf;F30;Mf;22.40;0.00;29575000.00;0;1.00;78.99;82.6529477;0.19;;2.45;0.02;0.01;0.02;;;;;;;;;;;;;;;
Sc vs Mf;F30;Mf;33.80;0.69;56600000.00;0;0.99;;;;;;;;;;;;;;;;;;;;;;;
Sc vs Mf;F30;Mf;46.50;2.23;71925000.00;0;0.98;86.99;92.9339793;0.81;;6.03;0.04;0.03;0.05;;;;;;;;;;;;;;;
Sc vs Mf;F30;Mf;59.50;3.68;7.71E+07;0;0.98;;;;;;;;;;;;;;;;;;;;;;;
Sc vs Mf;F30;Mf;70.90;4.64;7.23E+07;0;0.98;87.09;92.9567512;1.26;0.02;8.63;0.06;0.07;0.08;;;;;;;;;;;;;;;
Sc vs Mf;F30;Mf;80.30;5.35;7.76E+07;0;0.98;;;;;;;;;;;;;;;;;;;;;;;
Sc vs Mf;F30;Mf;98.90;6.80;7.66E+07;0;0.97;;;;;;;;;54.3862;31.16;79.79;11.72;1.24;3.10;5.27;0.00;0.00;9.98;4.46;3.85;38.87;6.08;0.93
Sc vs Mf;F30;Mf;166.90;11.59;8.04E+07;0;0.97;76.43;84.92;2.31;0.09;15.87;0.08;0.20;0.11;;;;;;;;;;;;;;;
Sc vs Mf;F30;Mf;191.20;13.13;8.06E+07;0;0.97;74.45;85.3192715;2.50;0.09;17.23;0.09;0.23;0.11;;;;;;;;;;;;;;;
Sc vs Mf;F30;Mf;214.80;14.63;8.02E+07;0;0.96;72.51;84.5969737;2.67;0.11;19.19;0.09;0.25;0.10;;;;;;;;;;;;;;;
Sc vs Mf;F30;Mf;239.20;16.06;7.71E+07;0;0.97;69.44;81.5110596;2.79;0.13;20.21;0.10;0.27;0.11;;;;;;;;;;;;;;;
Sc vs Mf;F30;Mf;263.20;17.34;7.81E+07;0;0.96;64.98;77.7135191;2.84;0.13;20.78;0.10;0.28;0.11;;;;;;;;;;;;;;;
Sc vs Mf;F30;Mf;334.20;21.12;7.74E+07;0;0.95;60.31;76.5189872;3.23;0.17;25.40;0.11;0.35;0.11;;;;;;;;;;;;;;;
Sc vs Mf;F21;Sc;0.00;0.00;1085400;1.00;1.00;100.00;100.00;0.00;0.00;0.00;0.00;0.00;0.00;131.56;138.98;466.32;43.74;471.66;120.46;17.39;40.33;29.41;35.79;74.38;70.72;252.74;18.17;42.23
Sc vs Mf;F21;Sc;5.30;0.13;815440;1.00;0.98;;;;;;;;;;;;;;;;;;;;;;;
Sc vs Mf;F21;Sc;11.20;0.21;2596750;1.00;0.99;;;;;;;;;;;;;;;;;;;;;;;
Sc vs Mf;F21;Sc;22.90;0.52;27908500;1.00;0.99;70.83;74.42;0.20;0.03;2.72;0.08;0.00;0.00;;;;;;;;;;;;;;;
Sc vs Mf;F21;Sc;36.20;6.39;73952000;1.00;0.98;;;;;;;;;;;;;;;;;;;;;;;
Sc vs Mf;F21;Sc;47.00;16.81;119500000;1.00;0.99;59.05;76.05;2.02;0.30;19.49;0.02;0.11;0.08;;;;;;;;;;;;;;;
Sc vs Mf;F21;Sc;59.40;26.80;133490000;1.00;0.83;;;;;;;;;;;;;;;;;;;;;;;
Sc vs Mf;F21;Sc;70.80;34.49;138552500;1.00;0.98;35.54;61.58;2.91;0.43;35.46;0.03;0.20;0.09;;;;;;;;;;;;;;;
Sc vs Mf;F21;Sc;81.50;41.04;143677500;1.00;0.83;;;;;;;;;;;;;;;;;;;;;;;
Sc vs Mf;F21;Sc;100.20;51.44;168100000;1.00;0.98;19.03;48.88786633;3.80;0.51;53.20;0.04;0.31;0.11;0;0.00;0.00;1.05;0.00;0.57;0.20;0.00;0.00;0.00;0.00;0.00;0.00;0.00;0.00
Sc vs Mf;F21;Sc;166.50;80.40;164550000;1.00;0.90;0.58;14.51113426;5.01;0.57;85.13;0.04;0.79;0.08;;;;;;;;;;;;;;;
Sc vs Mf;F21;Sc;190.90;86.72;136625000;1.00;0.94;0.12;3.249894133;5.49;0.59;96.48;0.11;1.02;0.22;;;;;;;;;;;;;;;
Sc vs Mf;F21;Sc;214.80;88.49;138455000;1.00;0.96;0.07;0.2974808757;5.53;0.60;98.13;0.05;1.09;0.06;;;;;;;;;;;;;;;
Sc vs Mf;F21;Sc;239.10;88.72;134152500;1.00;0.92;0.10;0;5.55;0.62;98.58;0.13;1.08;0.18;;;;;;;;;;;;;;;
Sc vs Mf;F21;Sc;267.80;88.96;141020000;1.00;0.77;0.11;0;5.56;0.63;99.00;0.14;1.01;0.22;;;;;;;;;;;;;;;
Sc vs Mf;F22;Sc;0.00;0.00;1085400;1.00;1.00;100.00;100.00;0.00;0.00;0.00;0.00;0.00;0.00;131.56;138.98;466.32;43.74;471.66;120.46;17.39;40.33;29.41;35.79;74.38;70.72;252.74;18.17;42.23
Sc vs Mf;F22;Sc;5.30;0.06;758960;1.00;0.98;;;;;;;;;;;;;;;;;;;;;;;
Sc vs Mf;F22;Sc;11.20;0.16;2886400;1.00;0.99;;;;;;;;;;;;;;;;;;;;;;;
Sc vs Mf;F22;Sc;22.90;0.53;30915500;1.00;0.99;55.57;58.52;0.18;0.03;2.40;0.06;0.00;0.21;;;;;;;;;;;;;;;
Sc vs Mf;F22;Sc;36.20;7.38;77188800;1.00;0.97;;;;;;;;;;;;;;;;;;;;;;;
Sc vs Mf;F22;Sc;47.00;17.98;124522500;1.00;0.99;60.70;79.41;2.25;0.34;21.92;0.02;0.12;0.09;;;;;;;;;;;;;;;
Sc vs Mf;F22;Sc;59.40;27.63;135172500;1.00;0.83;;;;;;;;;;;;;;;;;;;;;;;
Sc vs Mf;F22;Sc;70.80;35.05;136752500;1.00;0.96;38.30;66.78;3.24;0.47;38.81;0.03;0.22;0.09;;;;;;;;;;;;;;;
Sc vs Mf;F22;Sc;81.50;41.43;142490000;1.00;0.81;;;;;;;;;;;;;;;;;;;;;;;
Sc vs Mf;F22;Sc;100.20;51.62;180200000;1.00;0.97;19.35;49.62198792;3.92;0.53;54.41;0.04;0.32;0.13;0;0.00;0.00;0.99;0.00;0.63;0.21;0.00;0.00;0.00;0.00;0.00;0.00;0.00;0.00
Sc vs Mf;F22;Sc;166.50;79.99;162350000;1.00;0.88;0.65;14.1580784;4.66;0.55;78.73;0.04;0.77;0.07;;;;;;;;;;;;;;;
Sc vs Mf;F22;Sc;190.90;86.26;133675000;1.00;0.91;0.14;4.334882807;5.48;0.61;95.74;0.11;1.10;0.22;;;;;;;;;;;;;;;
Sc vs Mf;F22;Sc;214.80;88.49;131357500;1.00;0.92;0.07;0.3645605562;5.49;0.61;97.02;0.04;1.17;0.06;;;;;;;;;;;;;;;
Sc vs Mf;F22;Sc;239.10;88.76;131172500;1.00;0.87;0.10;0;5.60;0.63;99.30;0.14;1.19;0.19;;;;;;;;;;;;;;;
Sc vs Mf;F22;Sc;267.80;89.06;134512500;1.00;0.74;0.08;0;5.55;0.64;96.59;0.12;1.12;0.20;;;;;;;;;;;;;;;
Sc vs Mf;F26;Sc vs Mf;0.00;0.00;1085400;0.10;1.00;100.00;100.00;0.00;0.00;0.00;0.00;0.00;0.00;131.56;138.98;466.32;43.74;471.66;120.46;17.39;40.33;29.41;35.79;74.38;70.72;252.74;18.17;42.23
Sc vs Mf;F26;Sc vs Mf;5.30;0.00;1034760;0.07;0.99;;;;;;;;;;;;;;;;;;;;;;;
Sc vs Mf;F26;Sc vs Mf;11.20;0.14;3157050;0.06;1.00;;;;;;;;;;;;;;;;;;;;;;;
Sc vs Mf;F26;Sc vs Mf;22.90;0.33;30709500;0.09;1.00;81.74;85.25;0.21;0.00;2.71;0.02;0.01;0.01;;;;;;;;;;;;;;;
Sc vs Mf;F26;Sc vs Mf;36.20;2.19;56291200;0.24;0.99;;;;;;;;;;;;;;;;;;;;;;;
Sc vs Mf;F26;Sc vs Mf;47.00;5.94;76147500;0.49;0.99;69.98;77.28;1.07;0.06;8.43;0.03;0.06;0.05;;;;;;;;;;;;;;;
Sc vs Mf;F26;Sc vs Mf;59.40;13.13;108965000;0.67;0.91;;;;;;;;;;;;;;;;;;;;;;;
Sc vs Mf;F26;Sc vs Mf;70.80;21.19;138782500;0.68;0.98;49.69;65.64;2.39;0.15;22.29;0.05;0.16;0.11;;;;;;;;;;;;;;;
Sc vs Mf;F26;Sc vs Mf;81.50;26.64;131567500;0.65;0.89;;;;;;;;;;;;;;;;;;;;;;;
Sc vs Mf;F26;Sc vs Mf;100.20;34.72;170900000;0.71;0.97;35.40;57.98686183;3.20;0.22;34.46;0.05;0.24;0.10;0;0.00;0.00;0.97;0.00;0.55;0.17;0.00;0.00;0.00;0.00;0.00;0.00;0.00;0.00
Sc vs Mf;F26;Sc vs Mf;166.50;57.53;148700000;0.88;0.70;15.17;46.22800782;4.90;0.38;63.19;0.08;0.49;0.12;;;;;;;;;;;;;;;
Sc vs Mf;F26;Sc vs Mf;190.90;64.77;125262500;0.87;0.70;9.13;38.79900571;5.30;0.42;71.97;0.08;0.55;0.12;;;;;;;;;;;;;;;
Sc vs Mf;F26;Sc vs Mf;214.80;71.07;120457500;0.93;0.69;4.54;29.92036881;5.53;0.44;78.32;0.10;0.59;0.13;;;;;;;;;;;;;;;
Sc vs Mf;F26;Sc vs Mf;239.10;76.51;120905000;0.94;0.75;1.80;21.50091138;5.78;0.46;84.71;0.10;0.54;0.13;;;;;;;;;;;;;;;
Sc vs Mf;F26;Sc vs Mf;267.80;81.80;122030000;0.94;0.71;0.40;11.88598125;5.85;0.45;88.34;0.08;0.56;0.12;;;;;;;;;;;;;;;
Sc vs Mf;F26;Sc vs Mf;333.60;87.59;119927500;0.94;0.80;0.09;0.00;6.06;0.45;94.78;0.11;0.60;0.11;;;;;;;;;;;;;;;
Sc vs Mf;F27;Sc vs Mf;0.00;0.00;1085400;0.10;1.00;100.00;100.00;0.00;0.00;0.00;0.00;0.00;0.00;131.56;138.98;466.32;43.74;471.66;120.46;17.39;40.33;29.41;35.79;74.38;70.72;252.74;18.17;42.23
Sc vs Mf;F27;Sc vs Mf;5.30;-0.02;1553040;0.08;0.99;;;;;;;;;;;;;;;;;;;;;;;
Sc vs Mf;F27;Sc vs Mf;11.20;-0.01;3717400;0.08;1.00;;;;;;;;;;;;;;;;;;;;;;;
Sc vs Mf;F27;Sc vs Mf;22.90;0.17;30604000;0.12;1.00;81.32;84.86;0.22;0.00;2.98;0.02;0.01;0.01;;;;;;;;;;;;;;;
Sc vs Mf;F27;Sc vs Mf;36.20;2.34;52126400;0.34;0.99;;;;;;;;;;;;;;;;;;;;;;;
Sc vs Mf;F27;Sc vs Mf;47.00;6.84;78382500;0.59;0.99;57.63;64.48;0.99;0.06;8.20;0.03;0.05;0.05;;;;;;;;;;;;;;;
Sc vs Mf;F27;Sc vs Mf;59.40;15.52;120560000;0.66;0.89;;;;;;;;;;;;;;;;;;;;;;;
Sc vs Mf;F27;Sc vs Mf;70.80;23.28;141105000;0.72;0.97;51.82;69.36;2.72;0.18;25.90;0.05;0.18;0.11;;;;;;;;;;;;;;;
Sc vs Mf;F27;Sc vs Mf;81.50;28.74;136837500;0.69;0.85;;;;;;;;;;;;;;;;;;;;;;;
Sc vs Mf;F27;Sc vs Mf;100.20;36.38;166000000;0.75;0.96;34.00;56.92776589;3.30;0.24;36.25;0.05;0.25;0.09;0;0.00;0.00;1.07;0.00;0.70;0.15;0.00;0.00;0.00;0.00;0.00;0.00;0.00;0.00
Sc vs Mf;F27;Sc vs Mf;166.50;60.01;143400000;0.92;0.74;12.84;43.4705683;4.94;0.40;65.25;0.07;0.49;0.10;;;;;;;;;;;;;;;
Sc vs Mf;F27;Sc vs Mf;190.90;67.24;121895000;0.84;0.74;7.35;36.31007042;5.43;0.44;74.77;0.09;0.56;0.12;;;;;;;;;;;;;;;
Sc vs Mf;F27;Sc vs Mf;214.80;73.44;126475000;0.96;0.75;3.18;26.15525583;5.46;0.44;79.22;0.09;0.58;0.12;;;;;;;;;;;;;;;
Sc vs Mf;F27;Sc vs Mf;239.10;78.77;121080000;0.97;0.80;1.08;18.30116188;5.87;0.46;87.98;0.10;0.56;0.12;;;;;;;;;;;;;;;
Sc vs Mf;F27;Sc vs Mf;267.80;83.75;121780000;0.97;0.75;0.21;8.840852439;6.09;0.45;93.81;0.09;0.60;0.12;;;;;;;;;;;;;;;
Sc vs Mf;F27;Sc vs Mf;333.60;88.08;124292500;0.97;0.80;0.09;0.00;6.13;0.45;96.40;0.10;0.61;0.11;;;;;;;;;;;;;;;
Sc vs Mf;F28;Sc vs Mf;0.00;0.00;1085400;0.10;1.00;100.00;100.00;0.00;0.00;0.00;0.00;0.00;0.00;131.56;138.98;466.32;43.74;471.66;120.46;17.39;40.33;29.41;35.79;74.38;70.72;252.74;18.17;42.23
Sc vs Mf;F28;Sc vs Mf;5.30;-0.02;1226480;0.08;0.99;;;;;;;;;;;;;;;;;;;;;;;
Sc vs Mf;F28;Sc vs Mf;11.20;0.04;3535500;0.08;1.00;;;;;;;;;;;;;;;;;;;;;;;
Sc vs Mf;F28;Sc vs Mf;22.90;0.20;29036000;0.12;1.00;81.14;84.65;0.22;0.00;2.78;0.02;0.01;0.01;;;;;;;;;;;;;;;
Sc vs Mf;F28;Sc vs Mf;36.20;1.73;52793600;0.32;0.99;;;;;;;;;;;;;;;;;;;;;;;
Sc vs Mf;F28;Sc vs Mf;47.00;5.60;73055000;0.56;0.99;58.07;64.42;0.90;0.06;7.45;0.02;0.05;0.05;;;;;;;;;;;;;;;
Sc vs Mf;F28;Sc vs Mf;59.40;13.01;100777500;0.78;0.90;;;;;;;;;;;;;;;;;;;;;;;
Sc vs Mf;F28;Sc vs Mf;70.80;21.24;138667500;0.73;0.98;53.66;70.44;2.58;0.19;24.37;0.04;0.16;0.13;;;;;;;;;;;;;;;
Sc vs Mf;F28;Sc vs Mf;81.50;27.03;127085000;0.69;0.88;;;;;;;;;;;;;;;;;;;;;;;
Sc vs Mf;F28;Sc vs Mf;100.20;35.24;154050000;0.76;0.94;31.78;53.18359133;2.98;0.25;33.59;0.05;0.21;0.10;0;0.00;0.00;1.11;0.00;0.66;0.17;0.00;0.00;0.00;0.00;0.00;0.00;0.00;0.00
Sc vs Mf;F28;Sc vs Mf;166.50;59.29;133625000;0.93;0.72;12.62;43.11489603;4.78;0.42;64.53;0.07;0.43;0.11;;;;;;;;;;;;;;;
Sc vs Mf;F28;Sc vs Mf;190.90;66.76;120555000;0.90;0.76;6.86;34.68955449;5.12;0.46;72.46;0.08;0.49;0.12;;;;;;;;;;;;;;;
Sc vs Mf;F28;Sc vs Mf;214.80;73.08;116965000;0.98;0.77;2.97;25.01997668;5.34;0.46;77.60;0.09;0.54;0.12;;;;;;;;;;;;;;;
Sc vs Mf;F28;Sc vs Mf;239.10;78.45;116957500;0.98;0.83;0.98;17.50444436;5.72;0.49;87.76;0.11;0.53;0.12;;;;;;;;;;;;;;;
Sc vs Mf;F28;Sc vs Mf;267.80;83.42;129072500;0.98;0.78;0.20;8.248301659;5.95;0.48;94.02;0.08;0.59;0.13;;;;;;;;;;;;;;;
Sc vs Mf;F28;Sc vs Mf;333.60;87.52;123155000;0.98;0.80;0.10;0.00;6.08;0.49;97.83;0.10;0.63;0.12;;;;;;;;;;;;;;;
Sc vs Mp;F22;Mp;0.00;0.00;1061150;0.00;1.00;100.00;100.00;0.00;0.00;0.00;0.00;0.00;0.00;131.56;138.98;466.32;43.74;471.66;120.46;17.39;40.33;29.41;35.79;74.38;70.72;252.74;18.17;42.23
Sc vs Mp;F22;Mp;5.70;0.16;1929050;0.00;0.98;;;;;;;;;;;;;;;;;;;;;;;
Sc vs Mp;F22;Mp;11.10;0.22;4951900;0.00;0.99;;;;;;;;;;;;;;;;;;;;;;;
Sc vs Mp;F22;Mp;22.80;0.43;27276800;0.00;1.00;94.42;95.49;0.38;0.00;3.48;0.03;0.01;0.02;;;;;;;;;;;;;;;
Sc vs Mp;F22;Mp;34.20;1.33;47715000;0.00;0.97;;;;;;;;;;;;;;;;;;;;;;;
Sc vs Mp;F22;Mp;46.60;2.95;55270000;0.00;1.00;89.72;91.77;1.06;0.00;6.52;0.04;0.05;0.05;;;;;;;;;;;;;;;
Sc vs Mp;F22;Mp;58.70;4.43;54457500;0.00;0.99;;;;;;;;;;;;;;;;;;;;;;;
Sc vs Mp;F22;Mp;70.20;5.88;55637500;0.00;0.99;86.04;88.92;1.70;0.03;9.37;0.06;0.10;0.09;;;;;;;;;;;;;;;
Sc vs Mp;F22;Mp;81.10;7.06;57102500;0.00;0.99;;;;;;;;;;;;;;;;;;;;;;;
Sc vs Mp;F22;Mp;99.50;8.91;56536250;0.00;0.97;82.95;86.94;2.37;0.05;12.33;0.07;0.15;0.14;;;;;;;;;;;;;;;
Sc vs Mp;F22;Mp;117.60;10.55;59900000;0.00;0.99;79.12;83.61;2.63;0.06;13.83;0.09;0.16;0.19;53.213;39.70;100.19;15.21;2.56;2.31;5.98;3.66;3.26;11.31;10.05;9.80;44.11;6.17;5.87
Sc vs Mp;F22;Mp;167.50;14.41;53967500;0.00;0.98;72.85;79.13;3.18;0.09;17.45;0.10;0.21;0.22;;;;;;;;;;;;;;;
Sc vs Mp;F22;Mp;192.20;16.06;59185000;0.00;0.96;71.36;78.61;3.39;0.10;19.24;0.12;0.23;0.26;;;;;;;;;;;;;;;
Sc vs Mp;F22;Mp;214.80;17.32;61440000;0.00;0.96;70.22;78.54;3.59;0.11;20.77;0.17;0.25;0.33;;;;;;;;;;;;;;;
Sc vs Mp;F22;Mp;238.90;18.95;58962500;0.00;0.94;67.54;77.04;3.76;0.10;22.52;0.12;0.26;0.28;;;;;;;;;;;;;;;
Sc vs Mp;F22;Mp;262.90;20.30;59797500;0.00;0.94;;;5.49;0.00;47.40;0.21;0.62;0.28;;;;;;;;;;;;;;;
Sc vs Mp;F22;Mp;406.80;26.61;52335000;0.00;0.59;;;;;;;;;;;;;;;;;;;;;;;
Sc vs Mp;F23;Mp;0.00;0.00;1061150;0.00;1.00;100.00;100.00;0.00;0.00;0.00;0.00;0.00;0.00;131.56;138.98;466.32;43.74;471.66;120.46;17.39;40.33;29.41;35.79;74.38;70.72;252.74;18.17;42.23
Sc vs Mp;F23;Mp;5.70;-0.04;1933120;0.00;0.98;;;;;;;;;;;;;;;;;;;;;;;
Sc vs Mp;F23;Mp;11.10;-0.06;5178250;0.00;0.98;;;;;;;;;;;;;;;;;;;;;;;
Sc vs Mp;F23;Mp;22.80;0.14;27428800;0.00;0.98;94.16;95.27;0.38;0.00;3.51;0.03;0.01;0.02;;;;;;;;;;;;;;;
Sc vs Mp;F23;Mp;34.20;1.25;52895000;0.00;0.98;;;;;;;;;;;;;;;;;;;;;;;
Sc vs Mp;F23;Mp;46.60;2.85;54455000;0.00;0.99;90.87;92.86;1.09;0.03;6.71;0.04;0.05;0.05;;;;;;;;;;;;;;;
Sc vs Mp;F23;Mp;58.70;4.30;53357500;0.00;0.98;;;;;;;;;;;;;;;;;;;;;;;
Sc vs Mp;F23;Mp;70.20;5.69;58332500;0.00;0.98;86.42;89.27;1.68;0.02;9.41;0.06;0.09;0.08;;;;;;;;;;;;;;;
Sc vs Mp;F23;Mp;81.10;6.82;56532500;0.00;0.98;;;;;;;;;;;;;;;;;;;;;;;
Sc vs Mp;F23;Mp;99.50;8.56;56678750;0.00;0.96;82.09;85.84;2.25;0.06;12.25;0.07;0.14;0.12;;;;;;;;;;;;;;;
Sc vs Mp;F23;Mp;117.60;10.13;58970000;0.00;0.97;79.58;83.93;2.50;0.07;13.73;0.09;0.16;0.17;56.0622;39.74;93.12;15.33;2.82;2.24;6.11;3.62;2.77;11.15;9.54;9.28;45.23;6.29;6.00
Sc vs Mp;F23;Mp;167.50;13.82;53145000;0.00;0.97;74.72;80.85;3.03;0.10;17.49;0.10;0.21;0.22;;;;;;;;;;;;;;;
Sc vs Mp;F23;Mp;192.20;15.37;59297500;0.00;0.95;73.24;80.31;3.24;0.11;19.31;0.12;0.23;0.28;;;;;;;;;;;;;;;
Sc vs Mp;F23;Mp;214.80;16.76;62165000;0.00;0.95;70.10;78.21;3.39;0.11;20.63;0.17;0.24;0.31;;;;;;;;;;;;;;;
Sc vs Mp;F23;Mp;238.90;18.26;58370000;0.00;0.92;67.28;76.43;3.51;0.10;22.16;0.12;0.24;0.26;;;;;;;;;;;;;;;
Sc vs Mp;F23;Mp;262.90;19.61;61707500;0.00;0.92;;;5.62;0.00;53.67;0.44;0.68;0.55;;;;;;;;;;;;;;;
Sc vs Mp;F23;Mp;406.80;25.48;49717500;0.00;0.48;;;;;;;;;;;;;;;;;;;;;;;
Sc vs Mp;F24;Mp;0.00;0.00;1061150;0.00;1.00;100.00;100.00;0.00;0.00;0.00;0.00;0.00;0.00;131.56;138.98;466.32;43.74;471.66;120.46;17.39;40.33;29.41;35.79;74.38;70.72;252.74;18.17;42.23
Sc vs Mp;F24;Mp;5.70;-0.40;1859200;0.00;0.98;;;;;;;;;;;;;;;;;;;;;;;
Sc vs Mp;F24;Mp;11.10;-0.61;5015950;0.00;0.98;;;;;;;;;;;;;;;;;;;;;;;
Sc vs Mp;F24;Mp;22.80;-0.59;26097600;0.00;0.96;94.92;96.03;0.38;0.00;3.43;0.03;0.01;0.02;;;;;;;;;;;;;;;
Sc vs Mp;F24;Mp;34.20;0.31;46627500;0.00;0.97;;;;;;;;;;;;;;;;;;;;;;;
Sc vs Mp;F24;Mp;46.60;1.91;55265000;0.00;0.99;90.00;92.10;1.12;0.02;6.74;0.05;0.05;0.09;;;;;;;;;;;;;;;
Sc vs Mp;F24;Mp;58.70;3.51;56867500;0.00;0.98;;;;;;;;;;;;;;;;;;;;;;;
Sc vs Mp;F24;Mp;70.20;4.93;57057500;0.00;0.98;86.49;89.41;1.76;0.02;9.65;0.08;0.09;0.17;;;;;;;;;;;;;;;
Sc vs Mp;F24;Mp;81.10;6.08;57630000;0.00;0.98;;;;;;;;;;;;;;;;;;;;;;;
Sc vs Mp;F24;Mp;99.50;7.93;54218750;0.00;0.96;82.40;86.33;2.34;0.06;12.62;0.09;0.14;0.41;;;;;;;;;;;;;;;
Sc vs Mp;F24;Mp;117.60;9.54;56815000;0.00;0.96;81.86;86.45;2.66;0.07;14.51;0.11;0.17;0.29;50.0286;39.38;86.04;15.18;2.88;2.14;6.12;3.22;2.72;11.01;9.61;9.29;44.65;6.17;5.42
Sc vs Mp;F24;Mp;167.50;13.39;64172500;0.00;0.96;79.32;85.86;3.31;0.12;19.12;0.12;0.23;0.34;;;;;;;;;;;;;;;
Sc vs Mp;F24;Mp;192.20;15.05;61032500;0.00;0.94;72.17;79.20;3.29;0.12;19.64;0.10;0.27;0.17;;;;;;;;;;;;;;;
Sc vs Mp;F24;Mp;214.80;16.50;60475000;0.00;0.94;69.72;77.54;3.42;0.13;20.88;0.19;0.27;0.59;;;;;;;;;;;;;;;
Sc vs Mp;F24;Mp;238.90;17.92;67110000;0.00;0.91;63.79;73.91;3.91;0.00;25.40;0.14;0.29;0.33;;;;;;;;;;;;;;;
Sc vs Mp;F24;Mp;262.90;19.55;59050000;0.00;0.91;;;5.56;0.01;54.02;0.54;0.75;0.59;;;;;;;;;;;;;;;
Sc vs Mp;F24;Mp;406.80;26.77;55342500;0.00;0.72;;;;;;;;;;;;;;;;;;;;;;;
Sc vs Mp;F21;Sc;0.00;0.00;1085280;1.00;1.00;100.00;100.00;0.00;0.00;0.00;0.00;0.00;0.00;131.56;138.98;466.32;43.74;471.66;120.46;17.39;40.33;29.41;35.79;74.38;70.72;252.74;18.17;42.23
Sc vs Mp;F21;Sc;5.70;-0.04;981650;1.00;0.95;;;;;;;;;;;;;;;;;;;;;;;
Sc vs Mp;F21;Sc;11.10;-0.05;2522100;1.00;0.98;;;;;;;;;;;;;;;;;;;;;;;
Sc vs Mp;F21;Sc;22.80;0.08;20744000;1.00;0.99;94.10;96.35;0.25;0.05;3.63;0.00;0.00;0.01;;;;;;;;;;;;;;;
Sc vs Mp;F21;Sc;34.20;3.25;66892500;1.00;0.95;;;;;;;;;;;;;;;;;;;;;;;
Sc vs Mp;F21;Sc;46.60;13.82;127557500;1.00;0.99;69.80;85.33;2.17;0.32;19.73;0.02;0.10;0.09;;;;;;;;;;;;;;;
Sc vs Mp;F21;Sc;58.70;23.71;144502500;1.00;0.84;;;;;;;;;;;;;;;;;;;;;;;
Sc vs Mp;F21;Sc;70.20;32.14;143595000;1.00;0.87;43.91;71.67;3.31;0.51;38.66;0.03;0.21;0.11;;;;;;;;;;;;;;;
Sc vs Mp;F21;Sc;81.10;38.94;132856250;1.00;0.97;;;;;;;;;;;;;;;;;;;;;;;
Sc vs Mp;F21;Sc;99.50;49.28;140687500;1.00;0.90;23.16;56.85;4.19;0.60;57.02;0.03;0.32;0.12;;;;;;;;;;;;;;;
Sc vs Mp;F21;Sc;117.60;58.60;149950000;1.00;0.91;13.62;46.69;4.62;0.63;67.13;0.05;0.35;0.17;0;0.00;0.00;1.07;0.00;0.39;0.34;0.00;0.00;0.00;0.00;0.00;0.00;0.00;0.00
Sc vs Mp;F21;Sc;167.50;79.26;141562500;1.00;0.98;0.75;15.49;5.20;0.63;87.60;0.06;0.60;0.18;;;;;;;;;;;;;;;
Sc vs Mp;F21;Sc;192.20;85.61;149555000;1.00;0.96;0.14;3.61;5.49;0.65;96.44;0.08;0.75;0.22;;;;;;;;;;;;;;;
Sc vs Mp;F21;Sc;214.80;87.59;136152500;1.00;0.97;0.11;0.34;5.55;0.64;98.35;0.11;0.78;0.23;;;;;;;;;;;;;;;
Sc vs Mp;F21;Sc;238.90;87.88;141190000;1.00;0.96;0.12;0.38;5.57;0.66;98.37;0.09;0.79;0.21;;;;;;;;;;;;;;;
Sc vs Mp;F21;Sc;262.90;88.07;153882500;1.00;0.92;0.12;0.33;4.28;0.52;75.47;0.03;0.63;0.05;;;;;;;;;;;;;;;
Sc vs Mp;F21;Sc;406.80;88.58;52335000;1.00;0.06;;;;;;;;;;;;;;;;;;;;;;;
Sc vs Mp;F25;Sc vs Mp;0.00;0.00;1108660;0.10;1.00;100.00;100.00;0.00;0.00;0.00;0.00;0.00;0.00;131.56;138.98;466.32;43.74;471.66;120.46;17.39;40.33;29.41;35.79;74.38;70.72;252.74;18.17;42.23
Sc vs Mp;F25;Sc vs Mp;5.70;0.07;2033440;0.06;0.97;;;;;;;;;;;;;;;;;;;;;;;
Sc vs Mp;F25;Sc vs Mp;11.10;0.11;4742600;0.06;0.98;;;;;;;;;;;;;;;;;;;;;;;
Sc vs Mp;F25;Sc vs Mp;22.80;0.37;31993600;0.08;0.99;94.85;96.12;0.39;0.00;3.69;0.03;0.02;0.03;;;;;;;;;;;;;;;
Sc vs Mp;F25;Sc vs Mp;34.20;1.82;56767500;0.19;0.98;;;;;;;;;;;;;;;;;;;;;;;
Sc vs Mp;F25;Sc vs Mp;46.60;5.13;74425000;0.35;0.99;84.60;89.00;1.36;0.04;9.18;0.04;0.07;0.06;;;;;;;;;;;;;;;
Sc vs Mp;F25;Sc vs Mp;58.70;10.85;100995000;0.58;0.93;;;;;;;;;;;;;;;;;;;;;;;
Sc vs Mp;F25;Sc vs Mp;70.20;18.32;137835000;0.68;0.93;65.64;80.88;2.93;0.14;23.18;0.06;0.16;0.13;;;;;;;;;;;;;;;
Sc vs Mp;F25;Sc vs Mp;81.10;24.14;145570000;0.68;0.95;;;;;;;;;;;;;;;;;;;;;;;
Sc vs Mp;F25;Sc vs Mp;99.50;31.84;140310000;0.63;0.91;47.04;71.23;3.93;0.24;37.09;0.07;0.23;0.11;;;;;;;;;;;;;;;
Sc vs Mp;F25;Sc vs Mp;117.60;37.89;134332500;0.55;0.81;39.35;66.08;4.38;0.27;43.37;0.07;0.28;0.11;0;0.00;0.00;1.18;0.00;0.53;0.14;0.00;0.00;0.00;0.00;0.00;0.00;0.00;0.00
Sc vs Mp;F25;Sc vs Mp;167.50;53.61;132717500;0.55;0.65;18.62;48.55;4.86;0.35;57.22;0.07;0.34;0.11;;;;;;;;;;;;;;;
Sc vs Mp;F25;Sc vs Mp;192.20;60.44;123317500;0.47;0.58;12.83;43.69;5.44;0.41;67.16;0.07;0.40;0.06;;;;;;;;;;;;;;;
Sc vs Mp;F25;Sc vs Mp;214.80;66.05;116077500;0.36;0.67;7.92;36.71;5.73;0.43;74.04;0.10;0.44;0.13;;;;;;;;;;;;;;;
Sc vs Mp;F25;Sc vs Mp;238.90;71.28;136560000;0.35;0.61;4.25;29.30;5.92;0.46;79.89;0.08;0.44;0.12;;;;;;;;;;;;;;;
Sc vs Mp;F25;Sc vs Mp;262.90;75.90;131125000;0.49;0.65;2.02;22.42;6.17;0.45;84.85;0.19;0.52;0.23;;;;;;;;;;;;;;;
Sc vs Mp;F25;Sc vs Mp;406.80;87.41;119722500;0.12;0.54;;;;;;;;;;;;;;;;;;;;;;;
Sc vs Mp;F26;Sc vs Mp;0.00;0.00;1108660;0.10;1.00;100.00;100.00;0.00;0.00;0.00;0.00;0.00;0.00;131.56;138.98;466.32;43.74;471.66;120.46;17.39;40.33;29.41;35.79;74.38;70.72;252.74;18.17;42.23
Sc vs Mp;F26;Sc vs Mp;5.70;0.06;2000920;0.05;0.98;;;;;;;;;;;;;;;;;;;;;;;
Sc vs Mp;F26;Sc vs Mp;11.10;0.15;4967850;0.06;0.99;;;;;;;;;;;;;;;;;;;;;;;
Sc vs Mp;F26;Sc vs Mp;22.80;0.49;31982400;0.08;0.99;93.80;95.09;0.39;0.00;3.65;0.03;0.02;0.02;;;;;;;;;;;;;;;
Sc vs Mp;F26;Sc vs Mp;34.20;2.05;58202500;0.17;0.98;;;;;;;;;;;;;;;;;;;;;;;
Sc vs Mp;F26;Sc vs Mp;46.60;5.40;76425000;0.34;0.99;86.28;90.56;1.38;0.04;9.20;0.05;0.07;0.07;;;;;;;;;;;;;;;
Sc vs Mp;F26;Sc vs Mp;58.70;10.95;105390000;0.55;0.93;;;;;;;;;;;;;;;;;;;;;;;
Sc vs Mp;F26;Sc vs Mp;70.20;18.25;134472500;0.65;0.93;67.72;82.45;3.02;0.14;23.24;0.06;0.16;0.14;;;;;;;;;;;;;;;
Sc vs Mp;F26;Sc vs Mp;81.10;24.00;140555000;0.68;0.95;;;;;;;;;;;;;;;;;;;;;;;
Sc vs Mp;F26;Sc vs Mp;99.50;31.77;147982500;0.62;0.91;47.74;71.17;3.99;0.24;36.78;0.07;0.24;0.12;;;;;;;;;;;;;;;
Sc vs Mp;F26;Sc vs Mp;117.60;37.91;139667500;0.55;0.82;38.73;65.05;4.31;0.28;42.74;0.07;0.27;0.11;0;0.00;0.00;1.17;0.00;0.45;0.37;0.00;0.00;0.00;0.00;0.00;0.00;0.00;0.00
Sc vs Mp;F26;Sc vs Mp;167.50;53.64;138320000;0.55;0.64;20.33;51.79;5.26;0.37;60.76;0.08;0.37;0.12;;;;;;;;;;;;;;;
Sc vs Mp;F26;Sc vs Mp;192.20;60.53;130067500;0.48;0.53;13.30;44.15;5.56;0.40;67.83;0.07;0.41;0.06;;;;;;;;;;;;;;;
Sc vs Mp;F26;Sc vs Mp;214.80;66.35;118885000;0.36;0.63;8.13;36.67;5.79;0.43;73.70;0.10;0.43;0.13;;;;;;;;;;;;;;;
Sc vs Mp;F26;Sc vs Mp;238.90;71.77;129625000;0.37;0.61;4.39;29.26;5.99;0.46;79.65;0.08;0.45;0.12;;;;;;;;;;;;;;;
Sc vs Mp;F26;Sc vs Mp;262.90;76.45;125400000;0.49;0.57;2.16;22.00;6.17;0.45;84.10;0.19;0.48;0.25;;;;;;;;;;;;;;;
Sc vs Mp;F26;Sc vs Mp;406.80;88.29;127645000;0.12;0.57;;;;;;;;;;;;;;;;;;;;;;;
Sc vs Mp;F27;Sc vs Mp;0.00;0.00;1108660;0.10;1.00;100.00;100.00;0.00;0.00;0.00;0.00;0.00;0.00;131.56;138.98;466.32;43.74;471.66;120.46;17.39;40.33;29.41;35.79;74.38;70.72;252.74;18.17;42.23
Sc vs Mp;F27;Sc vs Mp;5.70;-0.05;1983040;0.06;0.98;;;;;;;;;;;;;;;;;;;;;;;
Sc vs Mp;F27;Sc vs Mp;11.10;-0.03;4687200;0.07;0.99;;;;;;;;;;;;;;;;;;;;;;;
Sc vs Mp;F27;Sc vs Mp;22.80;0.25;31528000;0.09;1.00;91.84;93.09;0.37;0.00;3.60;0.03;0.01;0.02;;;;;;;;;;;;;;;
Sc vs Mp;F27;Sc vs Mp;34.20;1.48;59235000;0.20;0.98;;;;;;;;;;;;;;;;;;;;;;;
Sc vs Mp;F27;Sc vs Mp;46.60;4.70;72700000;0.37;0.99;85.17;90.21;1.34;0.06;9.41;0.04;0.07;0.06;;;;;;;;;;;;;;;
Sc vs Mp;F27;Sc vs Mp;58.70;10.51;104017500;0.59;0.91;;;;;;;;;;;;;;;;;;;;;;;
Sc vs Mp;F27;Sc vs Mp;70.20;18.59;128675000;0.66;0.91;64.73;82.09;2.89;0.19;24.62;0.05;0.14;0.14;;;;;;;;;;;;;;;
Sc vs Mp;F27;Sc vs Mp;81.10;24.79;145245000;0.69;0.95;;;;;;;;;;;;;;;;;;;;;;;
Sc vs Mp;F27;Sc vs Mp;99.50;32.78;131257500;0.62;0.86;44.17;70.53;3.77;0.30;38.80;0.06;0.22;0.12;;;;;;;;;;;;;;;
Sc vs Mp;F27;Sc vs Mp;117.60;39.72;126282500;0.58;0.73;35.22;64.98;4.18;0.36;46.33;0.06;0.25;0.11;0.00;0.00;0.00;1.16;0.00;0.61;0.41;0.00;0.00;0.20;0.00;0.00;0.00;0.00;0.00
Sc vs Mp;F27;Sc vs Mp;167.50;57.01;127505000;0.56;0.68;15.59;47.76;5.04;0.44;64.92;0.07;0.35;0.14;;;;;;;;;;;;;;;
Sc vs Mp;F27;Sc vs Mp;192.20;64.55;130495000;0.50;0.58;8.80;38.65;5.37;0.48;72.99;0.07;0.42;0.14;;;;;;;;;;;;;;;
Sc vs Mp;F27;Sc vs Mp;214.80;70.65;124392500;0.38;0.68;4.45;30.15;5.62;0.50;79.65;0.08;0.45;0.14;;;;;;;;;;;;;;;
Sc vs Mp;F27;Sc vs Mp;238.90;76.06;128900000;0.41;0.70;1.86;21.72;5.79;0.50;85.56;0.11;0.41;0.12;;;;;;;;;;;;;;;
Sc vs Mp;F27;Sc vs Mp;262.90;80.70;138400000;0.52;0.67;0.59;13.23;5.96;0.49;90.42;0.20;0.55;0.25;;;;;;;;;;;;;;;
Sc vs Mp;F27;Sc vs Mp;406.80;88.03;122392500;0.12;0.54;;;;;;;;;;;;;;;;;;;;;;;
Sc vs Td;F21;Sc;0.00;0.00;908800;1.00;1.00;100.00;100.00;0.00;0.00;0.00;0.00;0.00;0.00;131.56;138.98;466.32;43.74;471.66;120.46;17.39;40.33;29.41;35.79;74.38;70.72;252.74;18.17;42.23
Sc vs Td;F21;Sc;6.20;-0.02;990680;1.00;0.97;87.35;90.73;0.07;0.00;1.75;0.00;0.00;0.00;;;;;;;;;;;;;;;
Sc vs Td;F21;Sc;11.20;0.02;2791300;1.00;0.99;;;;;;;;;;;;;;;;;;;;;;;
Sc vs Td;F21;Sc;22.50;0.29;22496000;1.00;0.99;89.62;94.65;0.27;0.05;3.42;0.00;0.01;0.01;;;;;;;;;;;;;;;
Sc vs Td;F21;Sc;33.90;4.18;72374400;1.00;0.97;;;;;;;;;;;;;;;;;;;;;;;
Sc vs Td;F21;Sc;46.60;15.65;127622400;1.00;0.96;61.30;78.64;2.04;0.34;19.60;0.01;0.08;0.09;;;;;;;;;;;;;;;
Sc vs Td;F21;Sc;58.20;25.61;146235000;1.00;0.89;;;;;;;;;;;;;;;;;;;;;;;
Sc vs Td;F21;Sc;70.50;34.29;139807500;1.00;0.96;39.19;67.25;3.12;0.52;37.60;0.02;0.18;0.09;;;;;;;;;;;;;;;
Sc vs Td;F21;Sc;83.00;42.02;150160000;1.00;0.86;;;;;;;;;;;;;;;;;;;;;;;
Sc vs Td;F21;Sc;100.10;51.84;141785000;1.00;0.88;20.71;54.47;4.05;0.63;56.71;0.02;0.27;0.08;0;0.00;0.00;0.86;0.00;0.56;0.17;0.00;0.00;0.00;0.00;0.00;0.00;0.00;0.00
Sc vs Td;F21;Sc;166.70;81.29;144117500;1.00;0.94;0.64;14.86;5.08;0.69;89.06;0.03;0.86;0.09;;;;;;;;;;;;;;;
Sc vs Td;F21;Sc;190.60;87.43;132032500;1.00;0.95;0.11;3.54;5.47;0.69;98.61;0.03;1.18;0.09;;;;;;;;;;;;;;;
Sc vs Td;F21;Sc;219.60;89.57;136172500;1.00;0.95;0.11;0.38;5.54;0.70;100.21;0.04;1.27;0.08;;;;;;;;;;;;;;;
Sc vs Td;F21;Sc;337.20;90.37;123417500;1.00;0.27;0.08;0.00;5.56;0.74;100.32;0.03;1.46;0.05;;;;;;;;;;;;;;;
Sc vs Td;F31;Sc;0.00;0.00;96000;1.00;1.00;100.00;100.00;0.00;0.00;0.00;0.00;0.00;0.00;131.56;138.98;466.32;43.74;471.66;120.46;17.39;40.33;29.41;35.79;74.38;70.72;252.74;18.17;42.23
Sc vs Td;F31;Sc;6.20;0.18;1117040;1.00;0.98;81.41;84.51;0.07;0.00;1.69;0.00;0.00;0.00;;;;;;;;;;;;;;;
Sc vs Td;F31;Sc;11.20;0.32;3085600;1.00;0.98;;;;;;;;;;;;;;;;;;;;;;;
Sc vs Td;F31;Sc;22.50;0.43;24628800;1.00;0.99;74.09;78.45;0.24;0.05;3.25;0.00;0.01;0.01;;;;;;;;;;;;;;;
Sc vs Td;F31;Sc;33.90;5.61;85896000;1.00;0.98;;;;;;;;;;;;;;;;;;;;;;;
Sc vs Td;F31;Sc;46.60;16.77;134718400;1.00;0.96;59.13;77.80;2.17;0.32;21.92;0.02;0.13;0.09;;;;;;;;;;;;;;;
Sc vs Td;F31;Sc;58.20;25.67;152927500;1.00;0.90;;;;;;;;;;;;;;;;;;;;;;;
Sc vs Td;F31;Sc;70.50;33.80;148227500;1.00;0.97;33.52;59.53;2.94;0.42;36.82;0.03;0.21;0.11;;;;;;;;;;;;;;;
Sc vs Td;F31;Sc;83.00;41.09;152975000;1.00;0.87;;;;;;;;;;;;;;;;;;;;;;;
Sc vs Td;F31;Sc;100.10;49.86;162730000;1.00;0.84;15.87;44.51;3.65;0.49;52.47;0.03;0.29;0.12;0;0.00;0.00;0.81;0.00;0.51;0.22;0.00;0.00;0.00;0.00;0.00;0.00;0.00;0.00
Sc vs Td;F31;Sc;166.70;77.34;161380000;1.00;0.87;0.27;9.01;5.22;0.58;84.29;0.07;0.58;0.23;;;;;;;;;;;;;;;
Sc vs Td;F31;Sc;190.60;81.68;144330000;1.00;0.86;0.13;0.53;5.39;0.56;91.86;0.07;0.66;0.22;;;;;;;;;;;;;;;
Sc vs Td;F31;Sc;219.60;82.36;142945000;1.00;0.85;0.14;0.00;5.35;0.57;91.79;0.08;0.67;0.24;;;;;;;;;;;;;;;
Sc vs Td;F31;Sc;337.20;82.98;138737500;1.00;0.49;0.08;0.00;4.51;0.29;68.98;0.05;0.51;0.21;;;;;;;;;;;;;;;
Sc vs Td;F22;Sc vs Td;0.00;0.00;928000;0.10;1.00;100.00;100.00;0.00;0.00;0.00;0.00;0.00;0.00;131.56;138.98;466.32;43.74;471.66;120.46;17.39;40.33;29.41;35.79;74.38;70.72;252.74;18.17;42.23
Sc vs Td;F22;Sc vs Td;6.20;0.03;1788600;0.15;0.99;101.92;105.91;0.08;0.00;1.98;0.00;0.00;0.00;;;;;;;;;;;;;;;
Sc vs Td;F22;Sc vs Td;11.20;0.05;23737800;0.29;0.99;;;;;;;;;;;;;;;;;;;;;;;
Sc vs Td;F22;Sc vs Td;22.50;0.27;30368000;0.50;1.00;83.74;87.80;0.24;0.00;3.18;0.00;0.01;0.01;;;;;;;;;;;;;;;
Sc vs Td;F22;Sc vs Td;33.90;3.58;90206400;0.12;1.00;;;;;;;;;;;;;;;;;;;;;;;
Sc vs Td;F22;Sc vs Td;46.60;9.80;105716800;0.20;1.00;81.59;92.47;1.44;0.06;15.03;0.01;0.11;0.05;;;;;;;;;;;;;;;
Sc vs Td;F22;Sc vs Td;58.20;17.74;141662500;0.31;0.99;;;;;;;;;;;;;;;;;;;;;;;
Sc vs Td;F22;Sc vs Td;70.50;25.90;151190000;0.39;0.99;47.24;63.31;2.30;0.10;25.58;0.02;0.16;0.11;;;;;;;;;;;;;;;
Sc vs Td;F22;Sc vs Td;83.00;32.36;155890000;0.36;0.93;;;;;;;;;;;;;;;;;;;;;;;
Sc vs Td;F22;Sc vs Td;100.10;39.50;150957500;0.34;0.93;37.76;60.94;3.41;0.17;41.87;0.03;0.27;0.12;0;0.00;0.00;0.91;0.00;0.52;0.40;0.00;0.00;0.00;0.00;0.00;0.00;0.00;0.00
Sc vs Td;F22;Sc vs Td;166.70;59.98;149027500;0.50;0.95;17.07;41.65;4.49;0.24;62.60;0.03;0.49;0.06;;;;;;;;;;;;;;;
Sc vs Td;F22;Sc vs Td;190.60;65.91;140237500;0.32;0.95;12.12;35.67;4.79;0.26;69.00;0.07;0.53;0.28;;;;;;;;;;;;;;;
Sc vs Td;F22;Sc vs Td;219.60;72.31;145370000;0.34;0.93;7.81;30.63;5.48;0.31;81.02;0.07;0.63;0.27;;;;;;;;;;;;;;;
Sc vs Td;F22;Sc vs Td;337.20;89.16;141052500;0.47;0.80;0.19;2.46;6.25;0.43;99.07;0.08;0.77;0.26;;;;;;;;;;;;;;;
Sc vs Td;F23;Sc vs Td;0.00;0.00;928000;0.10;1.00;100.00;100.00;0.00;0.00;0.00;0.00;0.00;0.00;131.56;138.98;466.32;43.74;471.66;120.46;17.39;40.33;29.41;35.79;74.38;70.72;252.74;18.17;42.23
Sc vs Td;F23;Sc vs Td;6.20;-0.03;1846960;0.13;0.99;99.87;103.76;0.08;0.00;1.92;0.00;0.00;0.00;;;;;;;;;;;;;;;
Sc vs Td;F23;Sc vs Td;11.20;-0.04;4091900;0.21;0.99;;;;;;;;;;;;;;;;;;;;;;;
Sc vs Td;F23;Sc vs Td;22.50;0.17;30419200;0.45;1.00;89.67;93.96;0.25;0.00;3.25;0.00;0.01;0.01;;;;;;;;;;;;;;;
Sc vs Td;F23;Sc vs Td;33.90;2.95;88819200;0.09;1.00;;;;;;;;;;;;;;;;;;;;;;;
Sc vs Td;F23;Sc vs Td;46.60;8.39;110635200;0.16;1.00;85.56;95.78;1.29;0.07;13.75;0.01;0.12;0.05;;;;;;;;;;;;;;;
Sc vs Td;F23;Sc vs Td;58.20;15.36;124947500;0.26;0.98;;;;;;;;;;;;;;;;;;;;;;;
Sc vs Td;F23;Sc vs Td;70.50;23.83;149780000;0.36;0.99;55.90;73.03;2.39;0.12;26.61;0.01;0.17;0.09;;;;;;;;;;;;;;;
Sc vs Td;F23;Sc vs Td;83.00;30.91;150162500;0.35;0.96;;;;;;;;;;;;;;;;;;;;;;;
Sc vs Td;F23;Sc vs Td;100.10;38.90;150402500;0.33;0.95;39.04;62.56;3.34;0.18;41.15;0.02;0.27;0.08;0;0.00;0.00;0.99;0.00;0.57;0.39;0.00;0.00;0.00;0.00;0.00;0.00;0.00;0.00
Sc vs Td;F23;Sc vs Td;166.70;59.72;176045000;0.42;0.97;18.69;44.73;4.51;0.24;62.91;0.02;0.48;0.05;;;;;;;;;;;;;;;
Sc vs Td;F23;Sc vs Td;190.60;65.73;138020000;0.28;0.97;14.14;40.52;5.00;0.27;71.76;0.03;0.55;0.07;;;;;;;;;;;;;;;
Sc vs Td;F23;Sc vs Td;219.60;72.10;138405000;0.30;0.95;8.29;31.02;5.03;0.30;75.31;0.02;0.57;0.06;;;;;;;;;;;;;;;
Sc vs Td;F23;Sc vs Td;337.20;89.66;141197500;0.34;0.85;0.27;5.54;6.21;0.43;99.15;0.03;0.78;0.06;;;;;;;;;;;;;;;
Sc vs Td;F24;Sc vs Td;0.00;0.00;928000;0.10;1.00;100.00;100.00;0.00;0.00;0.00;0.00;0.00;0.00;131.56;138.98;466.32;43.74;471.66;120.46;17.39;40.33;29.41;35.79;74.38;70.72;252.74;18.17;42.23
Sc vs Td;F24;Sc vs Td;6.20;-0.15;1811000;0.18;0.99;94.73;98.40;0.08;0.00;1.90;0.00;0.00;0.00;;;;;;;;;;;;;;;
Sc vs Td;F24;Sc vs Td;11.20;-0.20;4567300;0.19;0.99;;;;;;;;;;;;;;;;;;;;;;;
Sc vs Td;F24;Sc vs Td;22.50;0.09;32067200;0.43;1.00;82.80;86.97;0.28;0.01;3.48;0.00;0.01;0.01;;;;;;;;;;;;;;;
Sc vs Td;F24;Sc vs Td;33.90;3.63;94388800;0.11;1.00;;;;;;;;;;;;;;;;;;;;;;;
Sc vs Td;F24;Sc vs Td;46.60;10.51;118830400;0.18;1.00;64.15;73.75;1.38;0.04;14.27;0.01;0.09;0.07;;;;;;;;;;;;;;;
Sc vs Td;F24;Sc vs Td;58.20;18.48;140337500;0.28;0.99;;;;;;;;;;;;;;;;;;;;;;;
Sc vs Td;F24;Sc vs Td;70.50;25.57;146177500;0.35;0.99;45.88;62.48;2.48;0.09;27.73;0.02;0.20;0.13;;;;;;;;;;;;;;;
Sc vs Td;F24;Sc vs Td;83.00;31.02;153447500;0.32;0.98;;;;;;;;;;;;;;;;;;;;;;;
Sc vs Td;F24;Sc vs Td;100.10;37.55;147535000;0.31;0.93;35.30;57.29;3.46;0.12;42.01;0.03;0.31;0.14;0;0.00;0.00;0.84;0.00;0.53;0.19;0.00;0.00;0.00;0.00;0.00;0.00;0.00;0.00
Sc vs Td;F24;Sc vs Td;166.70;56.56;158647500;0.38;0.95;14.41;35.65;4.34;0.17;59.51;0.05;0.51;0.19;;;;;;;;;;;;;;;
Sc vs Td;F24;Sc vs Td;190.60;62.18;145742500;0.27;0.95;10.08;30.43;4.68;0.18;65.70;0.07;0.59;0.29;;;;;;;;;;;;;;;
Sc vs Td;F24;Sc vs Td;219.60;67.89;141310000;0.32;0.94;5.78;24.03;5.12;0.21;74.20;0.07;0.68;0.26;;;;;;;;;;;;;;;
Sc vs Td;F24;Sc vs Td;337.20;82.54;137882500;0.55;0.74;0.35;0.49;5.83;0.31;90.12;0.08;0.83;0.24;;;;;;;;;;;;;;;
Sc vs Td;F25;Td;0.00;0.00;915000;0.00;1.00;100.00;100.00;0.00;0.00;0.00;0.00;0.00;0.00;131.56;138.98;466.32;43.74;471.66;120.46;17.39;40.33;29.41;35.79;74.38;70.72;252.74;18.17;42.23
Sc vs Td;F25;Td;6.20;-0.04;2178320;0.00;0.99;89.35;92.78;0.07;0.00;1.80;0.00;0.00;0.00;;;;;;;;;;;;;;;
Sc vs Td;F25;Td;11.20;0.02;5601400;0.00;0.99;;;;;;;;;;;;;;;;;;;;;;;
Sc vs Td;F25;Td;22.50;0.40;36976000;0.00;1.00;78.35;82.29;0.31;0.00;3.59;0.00;0.01;0.01;;;;;;;;;;;;;;;
Sc vs Td;F25;Td;33.90;4.30;100206400;0.00;1.00;;;;;;;;;;;;;;;;;;;;;;;
Sc vs Td;F25;Td;46.60;10.60;117852800;0.00;1.00;67.90;76.48;1.35;0.00;14.29;0.01;0.10;0.04;;;;;;;;;;;;;;;
Sc vs Td;F25;Td;58.20;16.77;128637500;0.00;1.00;;;;;;;;;;;;;;;;;;;;;;;
Sc vs Td;F25;Td;70.50;22.24;124450000;0.00;0.99;44.96;55.78;1.88;0.02;21.43;0.01;0.15;0.05;;;;;;;;;;;;;;;
Sc vs Td;F25;Td;83.00;26.69;127862500;0.00;0.99;;;;;;;;;;;;;;;;;;;;;;;
Sc vs Td;F25;Td;100.10;31.89;151827500;0.00;0.99;34.47;46.77;2.35;0.03;28.53;0.01;0.20;0.07;22.626;3.37;0.00;0.96;5.49;1.08;8.56;9.20;0.00;0.28;0.61;0.16;33.61;0.51;0.93
Sc vs Td;F25;Td;166.70;46.90;128207500;0.00;0.98;24.04;40.89;3.48;0.11;46.89;0.02;0.34;0.13;;;;;;;;;;;;;;;
Sc vs Td;F25;Td;190.60;51.44;112765000;0.00;0.98;21.40;40.01;3.98;0.13;54.91;0.03;0.42;0.16;;;;;;;;;;;;;;;
Sc vs Td;F25;Td;219.60;56.72;117947500;0.00;0.96;16.62;35.38;4.30;0.17;62.03;0.03;0.45;0.19;;;;;;;;;;;;;;;
Sc vs Td;F25;Td;337.20;73.31;136750000;0.00;0.85;3.39;15.09;5.08;0.29;83.00;0.06;0.63;0.26;;;;;;;;;;;;;;;
Sc vs Td;F26;Td;0.00;0.00;915000;0.00;1.00;100.00;100.00;0.00;0.00;0.00;0.00;0.00;0.00;131.56;138.98;466.32;43.74;471.66;120.46;17.39;40.33;29.41;35.79;74.38;70.72;252.74;18.17;42.23
Sc vs Td;F26;Td;6.20;0.05;2074160;0.00;0.99;90.89;94.43;0.08;0.00;1.83;0.00;0.00;0.00;;;;;;;;;;;;;;;
Sc vs Td;F26;Td;11.20;0.09;4824850;0.00;0.97;;;;;;;;;;;;;;;;;;;;;;;
Sc vs Td;F26;Td;22.50;0.43;33476800;0.00;1.00;91.00;95.33;0.27;0.00;3.54;0.00;0.01;0.01;;;;;;;;;;;;;;;
Sc vs Td;F26;Td;33.90;3.97;97313600;0.00;1.00;;;;;;;;;;;;;;;;;;;;;;;
Sc vs Td;F26;Td;46.60;9.71;109187200;0.00;1.00;64.17;71.32;1.03;0.01;11.35;0.01;0.08;0.03;;;;;;;;;;;;;;;
Sc vs Td;F26;Td;58.20;15.67;129980000;0.00;0.99;;;;;;;;;;;;;;;;;;;;;;;
Sc vs Td;F26;Td;70.50;21.11;125492500;0.00;0.99;63.56;76.74;2.19;0.03;24.71;0.01;0.17;0.05;;;;;;;;;;;;;;;
Sc vs Td;F26;Td;83.00;25.58;140100000;0.00;0.99;;;;;;;;;;;;;;;;;;;;;;;
Sc vs Td;F26;Td;100.10;30.72;119672500;0.00;0.98;49.08;64.93;2.75;0.05;32.92;0.01;0.23;0.07;6.5364;4.41;11.19;1.12;8.02;1.49;9.63;11.23;0.00;0.38;0.77;0.19;38.80;0.74;1.22
Sc vs Td;F26;Td;166.70;45.26;141882500;0.00;0.96;32.48;50.92;3.57;0.10;46.39;0.02;0.32;0.13;;;;;;;;;;;;;;;
Sc vs Td;F26;Td;190.60;49.67;113712500;0.00;0.96;31.85;53.57;4.26;0.14;56.58;0.02;0.40;0.15;;;;;;;;;;;;;;;
Sc vs Td;F26;Td;219.60;54.69;112257500;0.00;0.96;22.38;41.25;3.86;0.15;53.53;0.02;0.38;0.16;;;;;;;;;;;;;;;
Sc vs Td;F26;Td;337.20;70.72;118337500;0.00;0.87;10.19;28.58;5.00;0.28;77.47;0.05;0.57;0.20;;;;;;;;;;;;;;;
Sc vs Td;F32;Td;0.00;0.00;915000;0.00;1.00;100.00;100.00;0.00;0.00;0.00;0.00;0.00;0.00;131.56;138.98;466.32;43.74;471.66;120.46;17.39;40.33;29.41;35.79;74.38;70.72;252.74;18.17;42.23
Sc vs Td;F32;Td;6.20;0.12;1987760;0.00;0.99;87.26;90.57;0.07;0.00;1.68;0.00;0.00;0.00;;;;;;;;;;;;;;;
Sc vs Td;F32;Td;11.20;0.21;4426850;0.00;0.98;;;;;;;;;;;;;;;;;;;;;;;
Sc vs Td;F32;Td;22.50;0.39;31515200;0.00;0.96;87.87;91.91;0.23;0.00;3.17;0.00;0.01;0.01;;;;;;;;;;;;;;;
Sc vs Td;F32;Td;33.90;2.88;89209600;0.00;1.00;;;;;;;;;;;;;;;;;;;;;;;
Sc vs Td;F32;Td;46.60;7.12;100169600;0.00;1.00;82.07;89.96;0.99;0.03;11.58;0.01;0.12;0.04;;;;;;;;;;;;;;;
Sc vs Td;F32;Td;58.20;11.79;105012500;0.00;1.00;;;;;;;;;;;;;;;;;;;;;;;
Sc vs Td;F32;Td;70.50;16.89;112200000;0.00;1.00;72.37;85.11;1.88;0.07;22.51;0.01;0.19;0.05;;;;;;;;;;;;;;;
Sc vs Td;F32;Td;83.00;21.62;111545000;0.00;1.00;;;;;;;;;;;;;;;;;;;;;;;
Sc vs Td;F32;Td;100.10;26.99;114800000;0.00;0.99;62.39;80.61;2.80;0.10;34.38;0.01;0.27;0.06;24.5534;5.90;45.44;1.05;5.09;2.16;11.18;12.51;0.00;0.56;0.75;0.15;42.42;1.17;1.63
Sc vs Td;F32;Td;166.70;41.36;168370000;0.00;0.99;37.82;57.87;3.44;0.15;45.57;0.01;0.36;0.07;;;;;;;;;;;;;;;
Sc vs Td;F32;Td;190.60;45.48;106225000;0.00;0.98;33.87;55.17;3.74;0.19;50.21;0.01;0.40;0.07;;;;;;;;;;;;;;;
Sc vs Td;F32;Td;219.60;50.03;102295000;0.00;0.99;27.13;47.84;3.78;0.20;52.37;0.01;0.42;0.07;;;;;;;;;;;;;;;
Sc vs Td;F32;Td;337.20;65.19;110250000;0.00;0.94;0.07;0.00;5.40;0.61;90.90;0.05;0.75;0.06;;;;;;;;;;;;;;;